340,25 339,26 338,27 337,27 336,27 335,28 334,29 333,29 332,30 332,31 331,32 330,33 329,33 328,34 328,35 328,36 328,37 328,38 328,39 328,40 328,41 328,42 328,43 328,44 328,45 328,46 328,47 328,48 328,49 329,48 329,47 329,46 329,45 329,44 329,43 329,42 329,41 329,40 329,39 329,38 329,37 329,36 329,35 329,34 330,34 330,35 331,34 331,33 332,32 332,33
341,26 340,26 339,27 338,28 337,28 336,28 335,29 334,30 333,30 333,31 334,31 335,30 335,31
342,27 341,27 340,27 339,28 338,29 337,29 336,29
343,27 342,26 341,25 342,25 343,25 343,26 344,25 344,26 344,27 345,26 345,25 346,25 346,26 345,27 346,27 347,26 347,25 348,25 348,26 347,27 348,27 349,26 349,25 350,25 350,26 349,27 350,27 351,26 351,25 352,25 352,26 351,27 352,27 353,26 353,25 354,26 353,27 354,27 354,28 355,27 355,28 355,29 356,28 356,27 357,27 357,28 356,29 357,29 358,28 358,27
358,30 358,29 359,29 359,30 359,31 360,30 360,29 361,30 360,31 361,31 361,32 362,32 362,33 362,34 363,34 363,35 363,36 364,36 364,37 364,38 364,39 364,40 364,41 364,42 364,43 364,44 364,45 363,46 362,47 361,48 360,49 359,50 358,51 357,51 356,52 355,53 354,53 353,53 352,54 351,55 350,55 349,55 348,55 347,55 346,55 345,55 344,55 343,55 342,55 341,55 340,55 339,54 338,53 337,53 336,52 335,51 334,51 333,50 332,49 331,49 330,48 329,49 330,49 330,50 330,51 331,50 331,51 332,50 332,51 333,51 333,52 333,53 334,52 334,53 335,52 335,53 336,53 336,54 336,55 337,54 337,55 338,54 338,55 339,55 339,56 339,57 340,56 340,57 341,56 341,57 342,56 342,57 343,56 343,57 344,56 344,57 345,56 345,57 346,56 346,57 347,56 347,57 348,56 348,57 349,56 349,57 350,56 350,57 351,56 351,57 352,56 352,55 353,54 353,55 354,54 354,55 355,54 355,55 356,54 356,53 357,52 357,53 358,52 358,53 359,52 359,51 360,50 360,51 361,50 361,49 362,48 362,49 363,48 363,47 364,46 364,47
365,38 365,39 365,40 365,41 365,42 365,43 365,44 365,45
507,161 507,160 506,159 505,158 504,157 503,156 503,155 502,154 501,153 500,152 500,151 500,150 499,149 499,148 498,147 497,146 496,145 496,144 495,143 494,142 493,141 492,141 491,141 490,141 489,141 488,141 487,141 486,141 485,141 484,141 483,141 482,141 481,141 480,141 479,141 478,141 477,141 476,141 475,140 474,139 474,138 474,137 474,136 474,135 474,134 473,133 472,132 471,131 470,130 469,129 468,129 467,128 466,127 465,127 464,127 463,127 462,127 461,126 460,125 459,125 458,125 457,125 456,125 455,124 454,123 453,123 452,123 451,123 450,123 449,123 448,122 447,121 446,121 445,121 444,121 443,121 442,120 441,119 440,119 439,119 438,119 437,119 436,118 435,117 434,117 433,117 432,117 431,117 430,116 429,115 428,115 427,115 426,115 425,115 424,115 423,115 422,115 421,115 420,115 419,115 418,115 417,115 416,115 415,114 414,113 414,112 414,111 414,110 414,109 414,108 414,107 414,106 413,105 412,104 411,103 410,102 409,101 408,100 407,99 406,99 405,99 404,98 403,97 402,97 401,97 400,97 399,96 398,95 397,94 396,93 395,93 394,93 393,93 392,93 391,93 390,93 389,93 388,93 387,93 386,93 385,93 384,93 383,93 382,93 381,93 380,93 379,93 378,93 377,93 376,93 375,93 374,93 373,93 372,93 371,93 370,93 369,93 368,93 367,93 366,93 365,93 364,93 363,93 362,93 361,93 360,93 359,93 358,93 357,93 356,93 355,93 354,93 353,93 352,93 351,93 350,93 349,93 348,93 347,93 346,93 345,93 344,93 343,93 342,93 341,93 340,93 339,93 338,93 337,93 336,93 335,93 334,93 333,93 332,93 331,93 330,93 329,93 328,93 327,93 326,93 325,93 324,93 323,93 322,93 321,93 320,93 319,93 318,93 317,93 316,93 315,93 314,93 313,93 312,93 311,93 310,93 309,93 308,93 307,93 306,93 305,93 304,93 303,93 302,93 301,93 300,93 299,93 298,93 297,93 296,93 295,93 294,93 293,93 292,93 291,93 290,93 289,93 288,93 287,93 286,93 285,93 284,93 283,93 282,93 281,93 280,93 279,93 278,93 277,93 276,93 275,93 274,93 273,93 272,93 271,93 270,93 269,93 268,93 267,93 266,93 265,93 264,93 263,93 262,93 261,93 260,93 259,93 258,93 257,93 256,93 255,93 254,93 253,93 252,93 251,93 250,93 249,93 248,93 247,93 246,93 245,93 244,93 243,93 242,93 241,93 240,93 239,93 238,93 237,93 236,93 235,93 234,93 233,93 232,93 231,93 230,93 229,93 228,93 227,93 226,93 225,93 224,93 223,93 222,93 221,93 220,93 219,93 218,93 217,93 216,93 215,93 214,93 213,93 212,93 211,93 210,93 209,93 208,93 207,93 206,93 205,93 204,93 203,93 202,93 201,93 200,93 199,93 198,93 197,93 196,93 195,93 194,93 193,93 192,93 191,93 190,92 189,91 189,90 189,89 189,88 188,87 187,86 186,85 185,86 184,87 183,88 182,89 181,89 180,90 179,91 178,92 177,93 176,93 175,94 174,95 173,96 172,97 171,97 170,97 169,97 168,97 167,97 166,97 165,97 164,97 163,97 162,96 161,95 161,94 160,93 159,92 158,91 157,90 156,89 155,89 154,89 153,89 152,89 151,89 150,89 149,89 148,89 147,89 146,89 145,89 144,89 143,89 142,89 141,89 140,89 139,89 138,89 137,89 136,89 135,89 134,89 133,89 132,89 131,89 130,89 129,89 128,89 127,89 126,89 125,89 124,89 123,89 122,89 121,89 120,89 119,89 118,89 117,89 116,89 115,89 114,89 113,89 112,89 111,89 110,89 109,89 108,89 107,89 106,89 105,89 104,89 103,89 102,89 101,89 100,89 99,89 98,89 97,89 96,89 95,89 94,89 93,89 92,89 91,89 90,89 89,89 88,89 87,89 86,89 85,89 84,89 83,89 82,89 81,89 80,89 79,89 78,89 77,89 76,88 75,87 74,87 73,87 72,88 71,89 70,89 69,89 68,89 67,89 66,89 65,89 64,89 63,89 62,89 61,89 60,89 59,89 58,89 57,89 56,89 55,89 54,89 53,89 52,89 51,89 50,90 49,91 48,91 47,91 46,92 45,93 44,93 43,93 42,93 41,93 40,93 39,93 38,93 37,93 36,93 35,93 34,93 33,93 32,93 31,93 30,93 29,93 28,93 27,93 26,93 25,93 24,93 23,93 22,93 21,93 20,93 19,93 18,93 17,93 16,93 15,93 14,93 13,93 12,93 11,93 10,93 9,93 8,93 7,93 6,93 5,93 4,93 3,93 2,93 1,93 0,93 0,94 0,95 1,94 1,95 2,94 2,95 3,94 3,95 4,94 4,95 5,94 5,95 6,94 6,95 7,94 7,95 8,94 8,95 9,94 9,95 10,94 10,95 11,94 11,95 12,94 12,95 13,94 13,95 14,94 14,95 15,94 15,95 16,94 16,95 17,94 17,95 18,94 18,95 19,94 19,95 20,94 20,95 21,94 21,95 22,94 22,95 23,94 23,95 24,94 24,95 25,94 25,95 26,94 26,95 27,94 27,95 28,94 28,95 29,94 29,95 30,94 30,95 31,94 31,95 32,94 32,95 33,94 33,95 34,94 34,95 35,94 35,95 36,94 36,95 37,94 37,95 38,94 38,95 38,96 37,97 36,97 35,97 34,98 33,99 32,99 31,99 30,100 29,101 28,101 27,101 26,102 25,103 24,103 23,103 22,104 21,105 20,105 19,105 18,106 17,107 16,107 15,107 14,108 13,109 12,109 11,109 10,109 9,109 8,109 7,109 6,109 5,109 4,109 3,109 2,109 1,109 0,109 0,110 0,111 1,110 1,111 2,110 2,111 3,110 3,111 4,110 4,111 5,110 5,111 6,110 6,111 6,112 5,113 4,113 3,114 3,115 3,116 3,117 3,118 3,119 3,120 3,121 3,122 3,123 3,124 3,125 3,126 3,127 3,128 3,129 3,130 3,131 3,132 3,133 3,134 3,135 3,136 3,137 3,138 3,139 3,140 3,141 3,142 3,143 3,144 3,145 3,146 3,147 3,148 3,149 3,150 3,151 3,152 3,153 3,154 3,155 3,156 3,157 3,158 3,159 3,160 3,161 3,162 3,163 3,164 3,165 3,166 3,167 3,168 3,169 3,170 3,171 3,172 3,173 3,174 3,175 3,176 2,177 1,177 0,177 0,178 0,179 1,178 1,179 2,178 2,179 3,178 3,177 4,176 4,175 4,174 4,173 4,172 4,171 4,170 4,169 4,168 4,167 4,166 4,165 4,164 4,163 4,162 4,161 4,160 4,159 4,158 4,157 4,156 4,155 4,154 4,153 4,152 4,151 4,150 4,149 4,148 4,147 4,146 4,145 4,144 4,143 4,142 4,141 4,140 4,139 4,138 4,137 4,136 4,135 4,134 4,133 4,132 4,131 4,130 4,129 4,128 4,127 4,126 4,125 4,124 4,123 4,122 4,121 4,120 4,119 4,118 4,117 4,116 4,115 4,114 5,114 5,115 6,114 6,113 7,112 7,111 7,110 8,110 8,111 8,112 7,113 7,114 6,115 7,115 8,114 8,113 9,112 9,111 9,110 10,110 10,111 10,112 9,113 9,114 8,115 9,115 10,114 10,113 11,113 11,114 10,115 11,115 12,114 12,113 13,113 13,114 12,115 13,115 14,114 14,113 15,113 15,114 14,115 15,115 16,114 16,113 17,113 17,114 16,115 17,115 18,114 18,113 19,113 19,114 18,115 19,115 20,114 20,113 21,113 21,114 20,115 21,115 22,114 22,113 23,113 23,114 22,115 23,115 24,114 24,113 25,113 25,114 24,115 25,115 26,114 26,113 27,113 27,114 26,115 27,115 28,114 28,113 29,113 29,114 28,115 29,115 30,114 30,113 31,113 31,114 30,115 31,115 32,114 32,113 33,113 33,114 32,115 33,115 34,114 34,113 35,113 35,114 34,115 35,115 36,114 36,113 37,113 37,114 36,115 37,115 38,114 38,113 39,113 39,114 38,115 39,115 40,114 40,113 41,113 41,114 40,115 41,115 42,114 42,113 43,113 43,114 42,115 43,115 44,114 44,113 45,113 45,114 44,115 45,115 46,114 46,113 47,113 47,114 46,115 47,115 48,114 48,113 49,113 49,114 48,115 49,115 50,114 50,113 51,113 51,114 50,115 51,115 52,114 52,113 53,113 53,114 52,115 53,115 54,114 54,113 55,113 55,114 54,115 55,115 56,114 56,113 57,113 57,114 56,115 57,115 58,114 58,113 59,113 59,114 58,115 59,115 60,114 60,113 61,113 61,114 60,115 61,115 62,114 62,113 63,113 63,114 62,115 63,115 64,114 64,113 65,113 65,114 64,115 65,115 66,114 66,113 67,113 67,114 66,115
67,115 68,114 68,113 69,113 69,114 68,115 69,115 70,114 70,113 71,113 71,114 70,115 71,115 72,114 72,113 73,113 73,114 72,115 73,115 74,114 74,113 75,113 75,114 74,115 75,115 76,114 76,113 77,113 77,114 76,115 77,115 78,114 78,113 79,113 79,114 78,115 79,115 80,114 80,113 81,113 81,114 80,115 81,115 82,114 82,113 83,113 83,114 82,115 83,115 84,114 84,113 85,113 85,114 84,115 85,115 86,114 86,113 87,113 87,114 86,115 87,115 88,114 88,113 89,113 89,114 88,115 89,115 90,114 90,113 91,113 91,114 90,115 91,115 92,114 92,113 93,113 93,114 92,115 93,115 94,114 94,113 95,113 95,114 94,115 95,115 96,114 96,113 97,113 97,114 96,115 97,115 98,114 98,113 99,113 99,114 98,115 99,115 100,114 100,113 101,113 101,114 100,115 101,115 102,114 102,113 103,113 103,114 102,115 103,115 104,114 104,113 105,113 105,114 104,115 105,115 106,114 106,113 107,113 107,114 106,115 107,115 108,114 108,113 109,113 109,114 108,115 109,115 110,114 110,113 111,113 111,114 110,115 111,115 112,114 112,113 113,113 113,114 112,115 113,115 114,114 114,113 115,113 115,114 114,115 115,115 116,114 116,113 117,113 117,114 116,115 117,115 118,114 118,113 119,113 119,114 118,115 119,115 120,114 120,113 121,113 121,114 120,115 121,115 122,114 122,113 123,113 123,114 122,115 123,115 124,114 124,113 125,113 125,114 124,115 125,115 126,114 126,113 127,113 127,114 126,115 127,115 128,114 128,113 129,113 129,114 128,115 129,115 130,114 130,113 131,112 131,113 131,114 130,115 131,115 131,116 131,117 131,118 131,119 131,120 131,121 131,122 131,123 131,124 131,125 131,126 130,127 129,127 128,126 127,125 126,124 125,123 124,123 123,123 122,123 121,123 120,123 119,123 118,123 117,123 116,123 115,123 114,123 113,123 112,123 111,123 110,123 109,123 108,123 107,123 106,123 105,123 104,123 103,123 102,123 101,123 100,123 99,123 98,123 97,123 96,123 95,123 94,123 93,123 92,123 91,123 90,123 89,123 88,123 87,123 86,123 85,123 84,123 83,123 82,123 81,123 80,123 79,123 78,123 77,123 76,123 75,123 74,123 73,123 72,123 71,123 70,123 69,123 68,123 67,123 66,123 65,123 64,123 63,123 62,123 61,123 60,123 59,123 58,123 57,123 56,123 55,123 54,123 53,123 52,123 51,123 50,123 49,123 48,123 47,123 46,123 45,123 44,123 43,123 42,123 41,123 40,124 39,125 38,126 37,127 36,128 35,129 34,130 33,131 32,132 31,133 30,134 29,135 28,135 27,136 26,137 25,138 24,139 23,140 22,141 21,142 20,143 19,144 18,145 17,146 16,147 15,148 15,149 15,150 15,151 15,152 15,153 15,154 15,155 15,156 15,157 15,158 15,159 15,160 15,161 15,162 15,163 15,164 15,165 15,166 15,167 15,168 15,169 15,170 15,171 15,172 15,173 15,174 15,175 15,176 14,177 13,177 12,177 11,177 10,177 9,177 8,177 7,177 6,177 5,177 4,177 4,178 3,179 4,179 5,178 5,179 6,178 6,179 7,178 7,179 8,178 8,179 9,178 9,179 10,178 10,179 11,178 11,179 12,178 12,179 13,178 13,179 14,178 14,179 15,178 15,177 16,176 16,175 16,174 16,173 16,172 16,171 16,170 16,169 16,168 16,167 16,166 16,165 16,164 16,163 16,162 16,161 16,160 16,159 16,158 16,157 16,156 16,155 16,154 16,153 16,152 16,151 16,150 16,149 16,148 17,147 17,148 17,149 18,148 18,147 18,146 19,145 19,146 19,147 19,148 18,149 19,149 20,148 20,147 21,147 21,148 20,149 21,149 22,148 22,147 23,147 23,148 22,149 23,149 24,148 24,147 25,147 25,148 24,149 25,149 26,148 26,147 27,147 27,148 26,149 27,149 28,148 28,147 29,147 29,148 28,149 29,149 30,148 30,147 31,147 31,148 30,149 31,149 32,148 32,147 33,147 33,148 32,149 33,149 34,148 34,147 35,147 35,148 34,149 35,149 36,148 36,147 37,147 37,148 36,149 37,149 38,148 38,147 39,147 39,148 38,149 39,149 40,148 40,147 41,147 41,148 40,149 41,149 42,148 42,147 43,147 43,148 42,149 43,149 44,148 44,147 45,147 45,148 44,149 45,149 46,148 46,147 47,147 47,148 46,149 47,149 48,148 48,147 49,147 49,148 48,149 49,149 50,148 50,147 51,147 51,148 50,149 51,149 52,148 52,147 53,147 53,148 52,149 53,149 54,148 54,147 55,147 55,148 54,149 55,149 56,148 56,147 57,147 57,148 56,149 57,149 58,148 58,147 59,147 59,148 58,149 59,149 60,148 60,147 61,147 61,148 60,149 61,149 62,148 62,147 63,147 63,148 62,149 63,149 64,148 64,147 65,147 65,148 64,149 65,149 66,148 66,147 67,147 67,148 66,149 67,149 68,148 68,147 69,147 69,148 68,149 69,149 70,148 70,147 71,147 71,148 70,149 71,149 72,148 72,147 73,147 73,148 72,149 73,149 74,148 74,147 75,147 75,148 74,149 75,149 76,148 76,147 77,147 77,148 76,149 77,149 78,148 78,147 79,147 79,148 78,149 79,149 80,148 80,147 81,147 81,148 80,149 81,149 82,148 82,147 83,147 83,148 82,149 83,149 84,148 84,147 85,147 85,148 84,149 85,149 86,148 86,147 87,147 87,148 86,149 87,149 88,148 88,147 89,147 89,148 88,149 89,149 90,148 90,147 91,147 91,148 90,149 91,149 92,148 92,147 93,147 93,148 92,149 93,149 94,148 94,147 95,147 95,148 94,149 95,149 96,148 96,147 97,147 97,148 96,149 97,149 98,148 98,147 99,147 99,148 98,149 99,149 100,148 100,147 101,147 101,148 100,149 101,149 102,148 102,147 103,147 103,148 102,149 103,149 104,148 104,147 105,147 105,148 104,149 105,149 106,148 106,147 107,147 107,148 106,149 107,149 108,148 108,147 109,147 109,148 108,149 109,149 110,148 110,147 110,146 111,145 111,146 111,147 111,148 110,149 111,149 111,150 111,151 111,152 111,153 111,154 111,155 111,156 111,157 111,158 111,159 111,160 111,161 111,162 111,163 111,164 111,165 111,166 111,167 111,168 111,169 111,170 111,171 111,172 111,173 111,174 111,175 111,176 111,177 111,178 111,179 111,180 111,181 111,182 111,183 111,184 111,185 111,186 111,187 111,188 111,189 111,190 111,191 111,192 111,193 111,194 111,195 111,196 111,197 111,198 111,199 111,200 111,201 111,202 111,203 111,204 111,205 111,206 111,207 111,208 111,209 111,210 111,211 111,212 111,213 111,214 111,215 111,216 111,217 111,218 111,219 111,220 111,221 111,222 111,223 111,224 111,225 111,226 111,227 111,228 111,229 111,230 111,231 111,232 111,233 111,234 111,235 111,236 111,237 111,238 111,239 111,240 110,241 109,241 108,241 107,241 106,241 105,241 104,242 103,243 102,242 101,241 100,241 99,241 98,241 97,241 96,240 95,239 95,238 95,237 95,236 95,235 95,234 95,233 95,232 95,231 95,230 95,229 95,228 95,227 95,226 95,225 95,224 95,223 95,222 95,221 95,220 95,219 95,218 95,217 95,216 95,215 95,214 95,213 95,212 95,211 95,210 95,209 95,208 95,207 95,206 95,205 95,204 95,203 95,202 95,201 95,200 95,199 95,198 95,197 95,196 95,195 95,194 95,193 95,192 95,191 95,190 95,189 95,188 95,187 95,186 95,185 95,184 95,183 95,182 94,181 93,180 92,179 91,178 90,177 89,177 88,177 87,177 86,177 85,177 84,177 83,177 82,177 81,177 80,177 79,177 78,177 77,177 76,177 75,177 74,177 73,177 72,177 71,177 70,177 69,177 68,177 67,177 66,177 65,177 64,177 63,177 62,177 61,177 60,177 59,177 58,177 57,177 56,177 55,177 54,177 53,177 52,177 51,177 50,177 49,177 48,177 47,177 46,177 45,177 44,177 43,177 42,177 41,177 40,177 39,177 38,177 37,177 36,177 35,177 34,177 33,177 32,177 31,177 30,177 29,177 28,177 27,177 26,177 25,177 24,177 23,177 22,177 21,177 20,177 19,177 18,177 17,177 16,177 16,178 15,179 15,180 15,181 16,180 16,179 17,178 17,179 18,178 18,179 19,178 19,179 20,178 20,179 21,178 21,179 22,178 22,179 23,178 23,179 24,178 24,179 25,178 25,179 26,178 26,179 27,178 27,179 28,178 28,179 29,178 29,179 30,178 30,179 31,178 31,179 32,178 32,179 33,178 33,179 34,178 34,179 35,178 35,179 36,178 36,179 37,178 37,179 38,178 38,179 39,178 39,179
40,178 40,179 41,178 41,179 42,178 42,179 43,178 43,179 44,178 44,179 45,178 45,179 46,178 46,179 47,178 47,179 48,178 48,179 49,178 49,179 50,178 50,179 51,178 51,179 52,178 52,179 53,178 53,179 54,178 54,179 55,178 55,179 56,178 56,179 57,178 57,179 58,178 58,179 59,178 59,179 60,178 60,179 61,178 61,179 62,178 62,179 63,178 63,179 64,178 64,179 65,178 65,179 66,178 66,179 67,178 67,179 68,178 68,179 69,178 69,179 70,178 70,179 71,178 71,179 72,178 72,179 73,178 73,179 74,178 74,179 75,178 75,179 76,178 76,179 77,178 77,179 78,178 78,179 79,178 79,179 80,178 80,179 81,178 81,179 82,178 82,179 83,178 83,179 84,178 84,179 85,178 85,179 86,178 86,179 87,178 87,179 88,178 88,179 89,178 89,179 90,178 90,179 90,180 89,181 88,181 87,181 86,182 85,183 84,183 83,183 82,184 81,185 80,185 79,185 78,186 77,187 76,187 75,187 74,188 73,189 72,189 71,189 70,190 69,191 68,191 67,191 66,192 65,193 64,193 63,193 62,194 61,195 60,195 59,195 58,196 57,197 56,197 55,197 54,198 53,199 52,199 51,199 50,200 49,201 48,201 47,201 46,202 45,203 44,203 43,203 42,204 41,205 40,205 39,205 38,206 37,207 36,207 35,207 34,208 33,209 32,209 31,209 30,210 29,211 28,211 27,211 26,212 25,213 24,213 23,213 22,214 21,215 20,215 19,215 18,216 17,217 16,217 15,217 14,218 13,219 12,219 11,219 10,220 9,221 8,221 7,221 6,222 5,223 4,223 3,223 2,224 1,225 0,225 0,226 0,227 1,226 1,227 2,226 2,225 3,224 3,225 4,224 4,225 5,224 5,225 6,224 6,223 7,222 7,223 8,222 8,223 9,222 9,223 10,222 10,221 11,220 11,221 12,220 12,221 13,220 13,221 14,220 14,219 15,218 15,219 16,218 16,219 17,218 17,219 18,218 18,217 19,216 19,217 20,216 20,217 21,216 21,217 22,216 22,215 23,214 23,215 24,214 24,215 25,214 25,215 26,214 26,213 27,212 27,213 28,212 28,213 29,212 29,213 30,212 30,211 31,210 31,211 32,210 32,211 33,210 33,211 34,210 34,209 35,208 35,209 36,208 36,209 37,208 37,209 38,208 38,207 39,206 39,207 40,206 40,207 41,206 41,207 42,206 42,205 43,204 43,205 44,204 44,205 45,204 45,205 46,204 46,203 47,202 47,203 48,202 48,203 49,202 49,203 50,202 50,201 51,200 51,201 52,200 52,201 53,200 53,201 54,200 54,199 55,198 55,199 56,198 56,199 57,198 57,199 58,198 58,197 59,196 59,197 60,196 60,197 61,196 61,197 62,196 62,195 63,194 63,195 64,194 64,195 65,194 65,195 66,194 66,193 67,192 67,193 68,192 68,193 69,192 69,193 70,192 70,191 71,190 71,191 72,190 72,191 73,190 73,191 74,190 74,189 75,188 75,189 76,188 76,189 77,188 77,189 78,188 78,187 79,186 79,187 80,186 80,187 81,186 81,187 82,186 82,185 83,184 83,185 84,184 84,185 85,184 85,185 86,184 86,183 87,182 87,183 88,182 88,183 89,182 89,183 90,182 90,181 91,180 91,179 92,178 91,177 92,177 93,177 93,178 93,179 92,180 91,181 92,181 93,181 94,180 94,179 94,178 94,177 95,177 95,178 95,179 95,180 95,181 96,180 96,179 96,178 96,177
401,263 401,262 401,261 400,260 400,259 399,258 398,257 398,256 397,255 396,254 396,253 395,252 394,251 394,250 393,249 392,248 391,247 391,246 390,245 389,244 388,243 388,242 387,241 386,240 386,239 386,238 385,237 384,236 383,235 383,234 382,233 382,232 381,231 380,230 380,229 379,228 378,227 378,226 377,225 376,224 375,223 375,222 374,221 374,220 373,219 373,218 372,217 372,216 371,215 371,214 370,213 369,212 368,211 368,210 367,209 367,208 366,207 365,206 364,205 364,204 363,203 363,202 362,201 361,200 360,199 360,198 359,197 359,196 358,195 357,194 356,193 356,192 355,191 355,190 354,189 353,188 352,187 352,186 351,185 351,184 350,183 349,182 348,181 348,180 347,179 347,178 346,177 345,176 344,175 344,174 343,173 343,172 342,171 341,170 340,169 339,168 339,167 338,166 337,165 337,164 336,163 336,162 335,161 334,160 335,159 335,158 334,157 335,156 334,155 334,154 334,153 334,152 334,151 334,150 334,149 334,148 334,147 334,146 334,145 334,144 334,143 334,142 334,141 334,140 334,139 334,138 334,137 334,136 334,135 334,134 333,133 333,132 333,131 332,130 333,130 334,129 334,128 334,127 334,126 334,125 334,124 334,123 334,122 334,121 334,120 334,119 334,118 333,117 332,116 332,117 333,116 333,115 334,114 334,113 334,112 333,111 332,110 331,109 330,109 329,109 328,109 327,109 326,109 325,109 324,109 323,109 322,109 321,109 320,109 319,109 318,109 317,109 316,109 315,109 314,109 313,109 312,109 311,109 310,109 309,109 308,109 307,109 306,109 305,109 304,109 303,109 302,109 301,109 300,109 299,109 298,109 297,109 296,109 295,109 294,109 293,109 292,109 291,109 290,109 289,109 288,109 287,109 286,109 285,109 284,109 283,109 282,109 281,109 280,109 279,109 278,109 277,109 276,109 275,109 274,109 273,109 272,109 271,109 270,109 269,109 268,109 267,109 266,109 265,109 264,109 263,109 262,109 261,109 260,109 259,109 258,109 257,109 256,109 255,109 254,109 253,109 252,109 251,109 250,109 249,109 248,109 247,109 246,109 245,109 244,109 243,109 242,109 241,109 240,109 239,109 238,109 237,109 236,109 235,109 234,109 233,109 232,109 231,109 230,109 229,109 228,109 227,109 226,109 225,109 224,109 223,109 222,109 221,109 220,109 219,109 218,109 217,109 216,109 215,109 214,109 213,109 212,109 211,109 210,109 209,109 208,109 207,109 206,109 205,109 204,109 203,109 202,109 201,109 200,109 199,109 198,109 197,109 196,109 195,109 194,109 193,109 192,109 191,109 190,108 189,107 189,106 189,105 189,104 189,103 189,102 189,101 189,100 189,99 189,98 189,97 189,96 189,95 189,94 189,93 189,92 190,91 190,90 190,89 190,88 189,87 188,86 187,85 186,86 185,87 184,88 183,89 182,90 181,90 180,91 179,92 178,93 177,94 176,94 175,95 174,96 173,97 172,98 171,98 170,98 169,98 168,98 167,98 166,98 165,98 164,98 163,98 162,97 161,96 161,97 161,98 161,99 161,100 161,101 161,102 161,103 161,104 161,105 161,106 161,107 161,108 161,109 161,110 161,111 161,112 161,113 161,114 161,115 161,116 161,117 161,118 161,119 161,120 161,121 161,122 161,123 161,124 161,125 161,126 161,127 161,128 161,129 161,130 161,131 161,132 161,133 161,134 161,135 161,136 161,137 161,138 161,139 161,140 161,141 161,142 161,143 161,144 161,145 161,146 161,147 161,148 161,149 161,150 161,151 161,152 161,153 161,154 161,155 161,156 161,157 161,158 161,159 161,160 161,161 161,162 161,163 161,164 161,165 161,166 161,167 161,168 161,169 161,170 161,171 161,172 161,173 161,174 161,175 161,176 161,177 161,178 161,179 161,180 161,181 161,182 161,183 161,184 161,185 161,186 161,187 161,188 161,189 161,190 161,191 161,192 161,193 161,194 161,195 161,196 161,197 161,198 161,199 161,200 161,201 161,202 161,203 161,204 161,205 160,206 159,207 158,208 157,209 156,209 155,210 154,211 153,212 152,213 151,213 150,214 149,215 148,216 147,217 146,217 145,218 144,219 143,220 142,219 141,218 141,217 141,216 141,215 141,214 141,213 141,212 141,211 141,210 141,209 141,208 141,207 141,206 141,205 141,204 141,203 141,202 141,201 141,200 141,199 141,198 141,197 141,196 141,195 141,194 141,193 141,192 141,191 141,190 141,189 141,188 141,187 141,186 141,185 141,184 141,183 141,182 141,181 141,180 141,179 141,178 141,177 141,176 141,175 141,174 141,173 141,172 141,171 141,170 141,169 141,168 141,167 141,166 141,165 141,164 141,163 141,162 141,161 141,160 141,159 141,158 141,157 141,156 141,155 141,154 141,153 141,152 141,151 141,150 141,149 141,148 141,147 141,146 141,145 141,144 141,143 141,142 140,141 140,140 139,139 138,138 137,137 136,136 135,135 134,134 133,133 132,132 131,131 130,130 129,129 128,128 127,127 126,126 125,125 124,124 123,124 122,124 121,124 120,124 119,124 118,124 117,124 116,124 115,124 114,124 113,124 112,124 111,124 110,124 109,124 108,124 107,124 106,124 105,124 104,124 103,124 102,124 101,124 100,124 99,124 98,124 97,124 96,124 95,124 94,124 93,124 92,124 91,124 90,124 89,124 88,124 87,124 86,124 85,124 84,124 83,124 82,124 81,124 80,124 79,124 78,124 77,124 76,124 75,124 74,124 73,124 72,124 71,124 70,124 69,124 68,124 67,124 66,124 65,124 64,124 63,124 62,124 61,124 60,124 59,124 58,124 57,124 56,124 55,124 54,124 53,124 52,124 51,124 50,124 49,124 48,124 47,124 46,124 45,124 44,124 43,124 42,124 41,124 40,125 39,126 38,127 37,128 36,129 35,130 34,131 33,132 32,133 31,134 30,135 29,136 28,136 27,137 26,138 25,139 24,140 23,141 22,142 21,143 20,144 20,145 21,144 21,145
85,81 84,82 83,83 82,83 81,83 80,84 79,85 78,85 77,85 76,86 76,87 75,88 74,88 73,88 72,89 71,90 70,90 69,90 68,90 67,90 66,90 65,90 64,90 63,90 62,90 61,90 60,90 59,90 58,90 57,90 56,90 55,90 54,90 53,90 52,90 51,90 50,91 49,92 48,92 47,92 46,93 45,94 44,94 43,94 42,94 41,94 40,94 39,94 39,95 39,96 38,97 37,98 36,98 35,98 34,99 33,100 32,100 31,100 30,101 29,102 28,102 27,102 26,103 25,104 24,104 23,104 22,105 21,106 20,106 19,106 18,107 17,108 16,108 15,108 14,109 13,110 12,110 11,110 11,111 12,111 13,111 14,110 14,111
86,82 85,82 84,83 83,84 82,84 81,84 80,85 79,86 78,86 77,86 77,87 78,87 79,87 80,86 80,87
87,83 86,83 85,83 84,84 83,85 82,85 81,85
88,83 87,82 86,81 87,81 88,81 88,82 89,81 89,82 89,83 90,82 90,81 91,81 91,82 90,83 91,83 92,82 92,81 93,81 93,82 92,83 93,83 94,82 94,81 95,81 95,82 94,83 95,83 96,82 96,81 97,81 97,82 96,83 97,83 98,82 98,81 99,81 99,82 98,83 99,83 100,82 100,81 101,81 101,82 100,83 101,83 102,82 102,81 103,81 103,82 102,83 103,83 104,82 104,81 105,81 105,82 104,83 105,83 106,82 106,81 107,81 107,82 106,83 107,83 108,82 108,81 109,81 109,82 108,83 109,83 110,82 110,81 111,81 111,82 110,83 111,83 112,82 112,81 113,81 113,82 112,83 113,83 114,82 114,81 115,81 115,82 114,83 115,83 116,82 116,81 117,81 117,82 116,83 117,83 118,82 118,81 119,81 119,82 118,83 119,83 120,82 120,81 121,81 121,82 120,83 121,83 122,82 122,81 123,81 123,82 122,83 123,83 124,82 124,81 125,81 125,82 124,83 125,83 126,82 126,81 127,81 127,82 126,83 127,83 128,82 128,81 129,81 129,82 128,83 129,83 130,82 130,81 131,81 131,82 130,83 131,83 132,82 132,81 133,81 133,82 132,83 133,83 134,82 134,81 135,81 135,82 134,83 135,83 136,82 136,81 137,81 137,82 136,83 137,83 138,82 138,81 139,81 139,82 138,83 139,83 140,82 140,81 141,81 141,82 140,83 141,83 142,82 142,81 143,81 143,82 142,83 143,83 144,82 144,81 145,81 145,82 144,83 145,83 146,82 146,81 147,81 147,82 146,83 147,83 148,82 148,81 149,81 149,82 148,83 149,83 150,82 150,81 151,81 151,82 150,83 151,83 152,82 152,81 153,81 153,82 152,83 153,83 154,82 154,81 155,81 155,82 154,83 155,83 156,82 156,81 157,81 157,82 156,83 157,83 158,82 158,81 159,81 159,82 158,83 159,83 160,82 160,81 161,81 161,82 160,83 161,83 162,82 162,81 163,81 163,82 162,83 163,83 164,82 164,81 165,81 165,82 164,83 165,83 166,82 166,81 167,81 167,82 166,83 167,83 168,82 168,81 169,81 169,82 168,83 169,83 170,82 170,81 171,81 171,82 170,83 171,83 172,82 172,81 173,81 173,82 172,83 173,83 174,82 174,81 175,81 175,82 174,83 175,83 176,82 176,81 177,81 177,82 176,83 177,83 178,82 178,81 179,81 179,82 178,83 179,83 180,82 180,81 181,81 181,82 180,83 181,83 182,82 182,81 183,81 183,82 182,83 183,83 184,82 184,81 185,81 185,82 184,83 185,83 186,82 186,81 187,81 187,82 186,83 187,83 188,82 188,81 189,81 189,82 188,83 188,84 188,85 189,84 189,83 190,82 190,81 191,81 191,82 190,83 190,84 189,85 189,86 190,85 190,86 190,87
192,94 191,94 190,93 190,94 190,95 190,96 190,97 190,98 190,99 190,100 190,101 190,102 190,103 190,104 190,105 190,106 190,107 189,108 189,109 189,110 189,111 189,112 189,113 189,114 189,115 189,116 189,117 189,118 189,119 189,120 189,121 189,122 189,123 189,124 189,125 189,126 189,127 189,128 189,129 189,130 189,131 189,132 189,133 189,134 189,135 189,136 189,137 189,138 189,139 189,140 189,141 189,142 189,143 189,144 189,145 189,146 189,147 189,148 189,149 189,150 189,151 189,152 189,153 189,154 189,155 189,156 189,157 189,158 189,159 189,160 189,161 189,162 189,163 189,164 189,165 189,166 189,167 189,168 189,169 189,170 189,171 189,172 189,173 189,174 189,175 188,176 187,177 186,178 185,179 184,178 183,177 183,176 183,175 183,174 183,173 183,172 183,171 183,170 183,169 183,168 183,167 183,166 183,165 183,164 183,163 183,162 182,161 181,160 180,159 179,160 178,161 177,162 177,163 177,164 177,165 177,166 177,167 177,168 177,169 177,170 177,171 177,172 177,173 177,174 177,175 177,176 177,177 177,178 177,179 177,180 177,181 177,182 177,183 177,184 177,185 177,186 176,187 175,188 174,189 173,190 172,189 171,188 171,187 171,186 171,185 171,184 171,183 171,182 171,181 171,180 171,179 171,178 171,177 171,176 171,175 171,174 171,173 171,172 171,171 171,170 171,169 171,168 171,167 171,166 171,165 171,164 171,163 171,162 171,161 171,160 171,159 171,158 171,157 171,156 171,155 171,154 171,153 171,152 171,151 171,150 171,149 171,148 171,147 171,146 171,145 171,144 171,143 171,142 171,141 171,140 171,139 171,138 171,137 171,136 171,135 171,134 171,133 171,132 171,131 171,130 171,129 171,128 171,127 171,126 171,125 171,124 171,123 171,122 171,121 171,120 171,119 171,118 171,117 171,116 171,115 171,114 171,113 171,112 171,111 171,110 171,109 171,108 171,107 171,106 171,105 171,104 171,103 171,102 171,101 171,100 170,99 169,99 168,99 167,99 166,99 165,99 164,99 163,99 162,98 162,99 162,100 162,101 162,102 162,103 162,104 162,105 162,106 162,107 162,108 162,109 162,110 162,111 162,112 162,113 162,114 162,115 162,116 162,117 162,118 162,119 162,120 162,121 162,122 162,123 162,124 162,125 162,126 162,127 162,128 162,129 162,130 162,131 162,132 162,133 162,134 162,135 162,136 162,137 162,138 162,139 162,140 162,141 162,142 162,143 162,144 162,145 162,146 162,147 162,148 162,149 162,150 162,151 162,152 162,153 162,154 162,155 162,156 162,157 162,158 162,159 162,160 162,161 162,162 162,163 162,164 162,165 162,166 162,167 162,168 162,169 162,170 162,171 162,172 162,173 162,174 162,175 162,176 162,177 162,178 162,179 162,180 162,181 162,182 162,183 162,184 162,185 162,186 162,187 162,188 162,189 162,190 162,191 162,192 162,193 162,194 162,195 162,196 162,197 162,198 162,199 162,200 162,201 162,202 162,203 162,204 162,205 161,206 160,207 159,208 158,209 157,210 156,210 155,211 154,212 153,213 152,214 151,214 150,215 149,216 148,217 147,218 146,218 145,219 144,220 143,221 142,220 141,219 141,220 141,221 141,222 141,223 141,224 141,225 140,226 139,227 138,227 137,227 136,228 135,229 134,228 133,227 133,226 133,225 133,224 133,223 133,222 133,221 133,220 133,219 133,218 133,217 133,216 133,215 133,214 133,213 133,212 133,211 133,210 133,209 133,208 133,207 133,206 133,205 133,204 132,203 131,202 130,201 129,200 128,199 127,200 126,201 125,202 124,203 123,204 122,205 121,206 121,207 121,208 121,209 121,210 121,211 121,212 121,213 121,214 121,215 121,216 121,217 121,218 121,219 121,220 121,221 121,222 121,223 121,224 121,225 121,226 121,227 121,228 121,229 121,230 121,231 121,232 121,233 121,234 121,235 121,236 120,237 119,237 118,238 117,239 116,239 115,240 114,241 113,241 112,240 111,241 110,242 109,242 108,242 107,242 106,242 105,242 104,243 103,244 102,243 101,242 100,242 99,242 98,242 97,242 96,241 95,240 95,241 95,242 95,243 95,244 95,245 95,246 95,247 95,248 95,249 95,250 95,251 95,252 95,253 95,254 95,255 95,256 95,257 94,258 93,259 92,259 91,260 90,261 89,261 88,262 87,263 86,263 85,263 84,264 83,265 82,265 81,266 80,267 79,267 78,268 77,269 76,269 75,270 74,271 73,271 72,272 71,273 70,273 69,273 68,274 67,275 66,275 65,276 64,277 63,277 62,278 61,279 60,279 59,280 58,281 57,281 56,282 55,283 54,283 53,283 52,284 51,285 50,285 49,286 48,287 47,287 46,288 45,289 44,289 43,290 42,291 41,291 40,292 39,293 38,293 37,293 36,294 35,295 34,295 33,296 32,297 31,298 30,299 31,299 32,298 32,299 33,298 33,297 34,296 34,297 35,296 35,297 36,296 36,295 37,294 37,295 38,294 38,295 39,294 39,295 40,294 40,293 41,292 41,293 42,292 42,293 43,292 43,291 44,290 44,291 45,290 45,291 46,290 46,289 47,288 47,289 48,288 48,289 49,288 49,287 50,286 50,287 51,286 51,287 52,286 52,285 53,284 53,285 54,284 54,285 55,284 55,285 56,284 56,283 57,282 57,283 58,282 58,283 59,282 59,281 60,280 60,281 61,280 61,281 62,280 62,279 63,278 63,279 64,278 64,279 65,278 65,277 66,276 66,277 67,276 67,277 68,276 68,275 69,274 69,275 70,274 70,275 71,274 71,275 72,274 72,273 73,272 73,273 74,272 74,273 75,272 75,271 76,270 76,271 77,270 77,271 78,270 78,269 79,268 79,269 80,268 80,269 81,268 81,267 82,266 82,267 83,266 83,267 84,266 84,265 85,264 85,265 86,264 86,265 87,264 87,265 88,264 88,263 89,262 89,263 90,262 90,263 91,262 91,261 92,260 92,261 93,260 93,261 94,260 94,259 95,258 95,259 96,258 96,257 96,256 96,255 96,254 96,253 96,252 96,251 96,250 96,249 96,248 96,247 96,246 96,245 96,244 96,243 96,242 97,243 97,244 97,245 98,244 98,243 99,243 99,244 98,245 99,245 100,244 100,243 101,243 101,244 100,245 101,245 102,244 102,245 103,245 104,244 104,245 105,244 105,243 106,243 106,244 105,245 106,245 107,244 107,243 108,243 108,244 107,245 108,245 108,246 107,247 106,247 105,248 104,249 103,249 102,250 101,251 100,252 99,253 98,253 97,254 97,255 97,256 97,257
194,95 193,94 194,94 195,94 195,95 196,94 196,95 197,94 197,95 198,94 198,95 199,94 199,95 200,94 200,95 201,94 201,95 202,94 202,95 203,94 203,95 204,94 204,95 205,94 205,95 206,94 206,95 207,94 207,95 208,94 208,95 209,94 209,95 210,94 210,95 211,94 211,95 212,94 212,95 213,94 213,95 214,94 214,95 215,94 215,95 216,94 216,95 217,94 217,95 218,94 218,95 219,94 219,95 220,94 220,95 221,94 221,95 222,94 222,95 223,94 223,95 224,94 224,95 225,94 225,95 226,94 226,95 227,94 227,95 228,94 228,95 229,94 229,95 230,94 230,95 231,94 231,95 232,94 232,95 233,94 233,95 234,94 234,95 235,94 235,95 236,94 236,95 237,94 237,95 238,94 238,95 239,94 239,95 240,94 240,95 241,94 241,95 242,94 242,95 243,94 243,95 244,94 244,95 245,94 245,95 246,94 246,95 247,94 247,95 248,94 248,95 249,94 249,95 250,94 250,95 251,94 251,95 252,94 252,95 253,94 253,95 254,94 254,95 255,94 255,95 256,94 256,95 257,94 257,95 258,94 258,95 259,94 259,95 260,94 260,95 261,94 261,95 262,94 262,95 263,94 263,95 264,94 264,95 265,94 265,95 266,94 266,95 267,94 267,95 268,94 268,95 269,94 269,95 270,94 270,95 271,94 271,95 272,94 272,95 273,94 273,95 274,94 274,95 275,94 275,95 276,94 276,95 277,94 277,95 278,94 278,95 279,94 279,95 280,94 280,95 281,94 281,95 282,94 282,95 283,94 283,95 284,94 284,95 285,94 285,95 286,94 286,95 287,94 287,95 288,94 288,95 289,94 289,95 290,94 290,95 291,94 291,95 292,94 292,95 293,94 293,95 294,94 294,95 295,94 295,95 296,94 296,95 297,94 297,95 298,94 298,95 299,94 299,95 300,94 300,95 301,94 301,95 302,94 302,95 303,94 303,95 304,94 304,95 305,94 305,95 306,94 306,95 307,94 307,95 308,94 308,95 309,94 309,95 310,94 310,95 311,94 311,95 312,94 312,95 313,94 313,95 314,94 314,95 315,94 315,95 316,94 316,95 317,94 317,95 318,94 318,95 319,94 319,95 320,94 320,95 321,94 321,95 322,94 322,95 323,94 323,95 324,94 324,95 325,94 325,95 326,94 326,95 327,94 327,95 328,94 328,95 329,94 329,95 330,94 330,95 331,94 331,95 332,94 332,95 333,94 333,95 334,94 334,95 334,96 334,97 334,98 334,99 334,100 334,101 334,102 334,103 334,104 334,105 334,106 334,107 334,108 333,109 332,109 331,110 330,110 329,110 328,110 327,110 326,110 325,110 324,110 323,110 322,110 321,110 320,110 319,110 318,110 317,110 316,110 315,110 314,110 313,110 312,110 311,110 310,110 309,110 308,110 307,110 306,110 305,110 304,110 303,110 302,110 301,110 300,110 299,110 298,110 297,110 296,110 295,110 294,110 293,110 292,110 291,110 290,110 289,110 288,110 287,110 286,110 285,110 284,110 283,110 282,110 281,110 280,110 279,110 278,110 277,110 276,110 275,110 274,110 273,110 272,110 271,110 270,110 269,110 268,110 267,110 266,110 265,110 264,110 263,110 262,110 261,110 260,110 259,110 258,110 257,110 256,110 255,110 254,110 253,110 252,110 251,110 250,110 249,110 248,110 247,110 246,110 245,110 244,110 243,110 242,110 241,110 240,110 239,110 238,110 237,110 236,110 235,110 234,110 233,110 232,110 231,110 230,110 229,110 228,110 227,110 226,110 225,110 224,110 223,110 222,110 221,110 220,110 219,110 218,110 217,110 216,110 215,110 214,110 213,110 212,110 211,110 210,110 209,110 208,110 207,110 206,110 205,110 204,110 203,110 202,110 201,110 200,110 199,110 198,110 197,110 196,110 195,110 194,110 193,110 192,110 191,110 190,109 190,110 190,111 190,112 190,113 190,114 190,115 190,116 190,117 190,118 190,119 190,120 190,121 190,122 190,123 190,124 190,125 190,126 190,127 190,128 190,129 190,130 190,131 190,132 190,133 190,134 190,135 190,136 190,137 190,138 190,139 190,140 190,141 190,142 190,143 190,144 190,145 190,146 190,147 190,148 190,149 190,150 190,151 190,152 190,153 190,154 190,155 190,156 190,157 190,158 190,159 190,160 190,161 190,162 190,163 190,164 190,165 190,166 190,167 190,168 190,169 190,170 190,171 190,172 190,173 190,174 190,175 189,176 188,177 187,178 186,179 185,180 184,179 183,178 183,179 183,180 183,181 182,182 181,183 180,183 179,184 178,183 178,182 178,181 178,180 178,179 178,178 178,177 178,176 178,175 178,174 178,173 178,172 178,171 178,170 178,169 178,168 178,167 178,166 178,165 178,164 178,163 178,162 179,161 179,162 179,163
335,97 335,96 335,95 335,94 336,94 336,95 336,96 336,97 335,98 335,99 335,100 335,101 335,102 335,103 335,104 335,105 335,106 335,107 335,108 334,109 333,110 332,111 331,111 330,111 329,111 328,111 327,111 326,111 325,111 324,111 323,111 322,111 321,111 320,111 319,111 318,111 317,111 316,111 315,111 314,111 313,111 312,111 311,111 310,111 309,111 308,111 307,111 306,111 305,111 304,111 303,111 302,111 301,111 300,111 299,111 298,111 297,111 296,111 295,111 294,111 293,111 292,111 291,111 290,111 289,111 288,111 287,111 286,111 285,111 284,111 283,111 282,111 281,111 280,111 279,111 278,111 277,111 276,111 275,111 274,111 273,111 272,111 271,111 270,111 269,111 268,111 267,111 266,111 265,111 264,111 263,111 262,111 261,111 260,111 259,111 258,111 257,111 256,111 255,111 254,111 253,111 252,111 251,111 250,111 249,111 248,111 247,111 246,111 245,111 244,111 243,111 242,111 241,111 240,111 239,111 238,111 237,111 236,111 235,111 234,111 233,111 232,111 231,111 230,111 229,111 228,111 227,111 226,111 225,111 224,111 223,111 222,111 221,111 220,111 219,111 218,111 217,111 216,111 215,111 214,111 213,111 212,111 211,111 210,111 209,111 208,111 207,111 206,111 205,111 204,111 203,111 202,111 201,111 200,111 199,111 198,111 197,111 196,111 195,111 194,111 193,111 192,111 191,111
336,98 336,99 337,98 337,97 337,96 337,95 337,94 338,94 338,95 338,96 338,97 338,98 337,99 338,99 339,98 339,97 339,96 339,95 339,94 340,94 340,95 340,96 340,97 340,98 339,99 340,99 340,100 340,101 341,100 341,99 342,99 342,100 341,101 342,101 343,100 343,99
343,102 343,101 344,101 344,102 343,103 344,103 345,102 345,101 346,101 346,102 345,103 346,103 347,102 347,101
347,104 347,103 348,103 348,104 347,105 348,105 349,104 349,103 350,103 350,104 349,105 350,105 351,104 351,103 352,103 352,104 351,105 351,106 351,107 352,106 352,105 353,104 353,103 354,103 354,104 353,105 353,106 352,107 352,108 352,109 352,110 352,111 352,112 352,113 352,114 352,115 352,116 352,117 352,118 352,119 352,120 352,121 352,122 352,123 352,124 352,125 352,126 352,127 352,128 351,129 350,129 349,128 348,127 347,127 346,126 345,125 344,124 343,123 342,123 341,122 340,121 339,120 338,119 337,119 336,118 335,117 334,116 334,115 335,114 335,113 335,112 334,111 334,110 335,109 335,110 335,111
353,109 353,110 353,111 353,112 353,113 353,114 353,115 353,116 353,117 353,118 353,119 353,120 353,121 353,122 353,123 353,124 353,125 353,126 353,127 353,128 352,129 351,130 350,130 349,129 348,128 347,128 346,127 345,126 344,125 343,124 342,124 341,123 340,122 339,121 338,120 337,120 336,119 335,118 334,117 335,116 335,115
354,115 354,116 354,117 355,116 355,115 356,115 356,116 355,117 355,118 355,119 356,118 356,117 357,116 357,115 358,115 358,116 357,117 357,118 356,119 357,119 358,118 358,117 359,116 359,115 360,115 360,116 359,117 359,118 358,119 359,119 359,120 359,121 360,120 360,119 361,119 361,120 360,121 361,121 362,120 362,119 363,119 363,120 362,121 363,121 364,120 364,121 364,122 364,123 365,122 365,121 366,121 366,122 365,123 366,123 367,122 367,121 368,121 368,122 367,123 368,123 368,124 368,125 369,124 369,123 370,123 370,124 369,125 370,125 371,124 371,123 372,123 372,124 371,125 372,125 373,124 373,123
373,126 373,125 374,125 374,126 373,127 374,127 375,126 375,125 376,125 376,126 375,127 376,127 377,126 377,125
377,128 377,127 378,127 378,128 377,129 378,129 379,128 379,127 380,127 380,128 379,129 380,129 381,128 381,127 382,127 382,128 381,129 382,129 382,130 382,131 383,130 383,129 384,129 384,130 383,131 384,131 385,130 385,129 386,129 386,130 385,131 386,131 386,132 386,133 386,134 386,135 386,136 386,137 386,138 386,139 386,140 386,141 386,142 386,143 386,144 386,145 386,146 386,147 386,148 386,149 386,150 386,151 386,152 386,153 386,154 386,155 386,156 386,157 386,158 386,159 386,160 386,161 386,162 386,163 386,164 386,165 386,166 386,167 386,168 386,169 386,170 386,171 386,172 386,173 386,174 386,175 386,176 386,177 386,178 386,179 386,180 386,181 386,182 386,183 386,184 386,185 386,186 386,187 386,188 386,189 386,190 386,191 386,192 386,193 386,194 386,195 386,196 386,197 386,198 386,199 386,200 386,201 386,202 386,203 386,204 386,205 386,206 386,207 386,208 386,209 386,210 386,211 386,212 386,213 386,214 386,215 386,216 386,217 386,218 386,219 386,220 386,221 386,222 386,223 386,224 386,225 386,226 386,227 386,228 386,229 386,230 386,231 386,232 386,233 386,234 385,235 384,234 383,233 383,232 382,231 381,230 380,231
387,133 387,132 387,131 387,130 387,129
388,133 387,134 387,135 387,136 387,137 387,138 387,139 387,140 387,141 387,142 387,143 387,144 387,145 387,146 387,147 387,148 387,149 387,150 387,151 387,152 387,153 387,154 387,155 387,156 387,157 387,158 387,159 387,160 387,161 387,162 387,163 387,164 387,165 387,166 387,167 387,168 387,169 387,170 387,171 387,172 387,173 387,174 387,175 387,176 387,177 387,178 387,179 387,180 387,181 387,182 387,183 387,184 387,185 387,186 387,187 387,188 387,189 387,190 387,191 387,192 387,193 387,194 387,195 387,196 387,197 387,198 387,199 387,200 387,201 387,202 387,203 387,204 387,205 387,206 387,207 387,208 387,209 387,210 387,211 387,212 387,213 387,214 387,215 387,216 387,217 387,218 387,219 387,220 387,221 387,222 387,223 387,224 387,225 387,226 387,227 387,228 387,229 387,230 387,231 387,232 387,233 387,234 386,235 385,236 384,235
389,133 388,132 388,131 389,131 389,132 390,131 390,132 390,133 391,132 391,131 392,131 392,132 391,133 392,133 393,132 393,131 394,131 394,132 393,133 394,133 395,132 395,131 396,131 396,132 395,133 396,133 397,132 397,131 398,131 398,132 397,133 398,133 399,132 399,131 400,131 400,132 399,133 400,133 401,132 401,131 402,131 402,132 401,133 402,133 403,132 403,131 404,131 404,132 403,133 404,133 405,132 405,131 406,131 406,132 405,133 406,133 407,132 407,131 408,131 408,132 407,133 408,133 409,132 409,131 410,131 410,132 409,133 410,133 411,132 411,131 412,131 412,132 411,133 412,133 413,132 413,131 414,131 414,132 413,133 414,133 415,132 415,131 416,131 416,132 415,133 416,133 417,132 417,131 418,131 418,132 417,133 418,133 419,132 419,131 420,131 420,132 419,133 420,133 421,132 421,131 422,131 422,132 421,133 422,133 423,132 423,131 424,131 424,132 423,133 424,133 425,132 425,131 426,131 426,132 425,133 426,133 427,132 427,131 428,131 428,132 427,133 428,133 429,132 429,131 430,131 430,132 429,133 430,133 431,132 431,131 432,131 432,132 431,133 432,133 433,132 433,131 434,131 434,132 433,133 434,133 435,132 435,131 436,131 436,132 435,133 436,133 437,132 437,131 438,131 438,132 437,133 438,133 439,132 439,131 440,131 440,132 439,133 440,133 441,132 441,131 442,131 442,132 441,133 442,133 443,132 443,131 444,131 444,132 443,133 444,133 445,132 445,131 446,131 446,132 445,133 446,133 447,132 447,131 448,131 448,132 447,133 448,133 449,132 449,131 450,131 450,132 449,133 450,133 451,132 451,131 452,131 452,132 451,133 452,133 453,132 453,131 454,131 454,132 453,133 454,133 455,132 455,131 456,131 456,132 455,133 456,133 457,132 457,131 458,131 458,132 457,133 458,133 459,132 459,131 460,131 460,132 459,133 460,133 461,132 461,131 462,131 462,132 461,133 462,133 463,132 463,131 464,131 464,132 463,133 464,133 465,132 465,131 466,131 466,132 465,133 466,133 467,132 467,131 467,130 466,129 465,128 464,128 463,128 462,128 461,127 460,126 459,126 458,126 457,126 456,126 455,125 454,124 453,124 452,124 451,124 450,124 449,124 448,123 447,122 446,122 445,122 444,122 443,122 442,121 441,120 440,120 439,120 438,120 437,120 436,119 435,118 434,118 433,118 432,118 431,118 430,117 429,116 428,116 427,116 426,116 425,116 424,116 423,116 422,116 421,116 420,116 419,116 418,116 417,116 416,116 415,115 414,114 413,115 412,115 411,115 410,115 409,115 408,115 407,115 406,115 405,115 404,115 403,115 402,115 401,115 400,115 399,115 398,115 397,115 396,115 395,115 394,115 393,115 392,115 391,115 390,115 389,115 388,115 387,115 386,115 385,115 384,115 383,115 382,115 381,115 380,115 379,115 378,115 377,115 376,115 375,115 374,115 373,115 372,115 371,115 370,115 369,115 368,115 367,115 366,115 365,115 364,115 363,115 362,115 361,115 361,116 360,117 361,117 362,116 362,117 363,116 363,117 364,116 364,117 365,116 365,117 366,116 366,117 367,116 367,117 368,116 368,117 369,116 369,117 370,116 370,117 371,116 371,117 372,116 372,117 373,116 373,117 374,116 374,117 375,116 375,117 376,116 376,117 377,116 377,117 378,116 378,117 379,116 379,117 380,116 380,117 381,116 381,117 382,116 382,117 383,116 383,117 384,116 384,117 385,116 385,117 386,116 386,117 387,116 387,117 388,116 388,117 389,116 389,117 390,116 390,117 391,116 391,117 392,116 392,117 393,116 393,117 394,116 394,117 395,116 395,117 396,116 396,117 397,116 397,117 398,116 398,117 399,116 399,117 400,116 400,117 401,116 401,117 402,116 402,117 403,116 403,117 404,116 404,117 405,116 405,117 406,116 406,117 407,116 407,117 408,116 408,117 409,116 409,117 410,116 410,117 411,116 411,117 412,116 412,117 413,116 413,117 414,116 414,115 415,116 414,117 415,117 416,117 417,117 418,117 419,117 420,117 421,117 422,117 423,117 424,117 425,117 426,117 427,117 428,117 429,117 430,118 430,119 431,119 432,119 433,119 434,119 435,119 436,120 436,121 437,121 438,121 439,121 440,121 441,121 442,122 442,123 443,123 444,123 445,123 446,123 447,123 448,124 448,125 449,125 450,125 451,125 452,125 453,125 454,125 455,126 455,127 456,127 457,127 458,127 459,127 460,127 461,128 461,129 462,129 463,129 464,129 465,129 466,128 467,127
467,133 468,132 468,131 468,130 467,129
468,133 469,132 469,131 469,130 470,129 471,129 471,130 470,131 470,132 469,133 470,133 471,132 471,133 472,133 473,132 472,131 472,130 472,129 473,129 473,130 473,131 474,131 474,132 474,133 475,132 475,131 476,131 476,132 475,133 475,134 475,135 475,136 475,137 475,138 475,139 474,140 473,141 472,141 471,141 470,141 469,141 468,141 467,141 466,141 465,141 464,141 463,141 462,141 461,141 460,141 459,141 458,141 457,141 456,141 455,141 454,141 453,141 452,141 451,141 450,141 449,141 448,141 447,141 446,141 445,141 444,141 443,141 442,141 441,141 440,141 439,141 438,141 437,141 436,141 435,141 434,141 433,141 432,141 431,141 430,141 429,141 428,141 427,141 426,141 425,141 424,141 423,141 422,141 421,141 420,141 419,141 418,141 417,141 416,141 415,141 414,141 413,141 412,141 411,141 410,142 409,143 408,144 407,145 406,145 405,146 404,147 403,147 402,148 401,149 400,149 399,150 398,151 397,151 396,152 395,153 394,153 393,154 392,155 391,155 390,156 389,157 388,158 388,159 388,160 388,161 388,162 388,163 388,164 388,165 388,166 388,167 388,168 388,169 388,170 388,171 388,172 388,173 388,174 388,175 388,176 388,177 388,178 388,179 388,180 388,181 388,182 388,183 388,184 388,185 388,186 388,187 388,188 388,189 388,190 388,191 388,192 388,193 388,194 388,195 388,196 388,197 388,198 388,199 388,200 388,201 388,202 388,203 388,204 388,205 388,206 388,207 388,208 388,209 388,210 388,211 388,212 388,213 388,214 388,215 388,216 388,217 388,218 388,219 388,220 388,221 388,222 388,223 388,224 388,225 388,226 388,227 388,228 388,229 388,230 388,231 388,232 388,233 388,234 387,235 386,236 386,237 387,236 387,237 387,238 387,239 387,240 386,241
477,142 476,142 475,141 474,141 473,142 472,142 471,142 470,142 469,142 468,142 467,142 466,142 465,142 464,142 463,142 462,142 461,142 460,142 459,142 458,142 457,142 456,142 455,142 454,142 453,142 452,142 451,142 450,142 449,142 448,142 447,142 446,142 445,142 444,142 443,142 442,142 441,142 440,142 439,142 438,142 437,142 436,142 435,142 434,142 433,142 432,142 431,142 430,142 429,142 428,142 427,142 426,142 425,142 424,142 423,142 422,142 421,142 420,142 419,142 418,142 417,142 416,142 415,142 414,142 413,142 412,142 411,142 410,143 409,144 408,145 407,146 406,146 405,147 404,148 403,148 402,149 401,150 400,150 399,151 398,152 397,152 396,153 395,154 394,154 393,155 392,156 391,156 390,157 389,158 389,159 389,160 389,161 389,162 389,163 389,164 389,165 389,166 389,167 389,168 389,169 389,170 389,171 389,172 389,173 389,174 389,175 389,176 389,177 389,178 389,179 389,180 389,181 389,182 389,183 389,184 389,185 389,186 389,187 389,188 389,189 389,190 389,191 389,192 389,193 389,194 389,195 389,196 389,197 389,198 389,199 389,200 389,201 389,202 389,203 389,204 389,205 389,206 389,207 389,208 389,209 389,210 389,211 389,212 389,213 389,214 389,215 389,216 389,217 389,218 389,219 389,220 389,221 389,222 389,223 389,224 389,225 389,226 389,227 389,228 389,229 389,230 389,231 389,232 389,233 389,234 388,235 388,236 388,237 388,238 388,239 388,240 388,241 389,240 389,239 389,238 389,237 389,236 389,235
478,143 477,143 476,143 475,142 474,142 473,143 472,143 471,143 470,143 469,143 468,143 467,143 466,143 465,143 464,143 463,143 462,143 461,143 460,143 459,143 458,143 457,143 456,143 455,143 454,143 453,143 452,143 451,143 450,143 449,143 448,143 447,143 446,143 445,143 444,143 443,143 442,143 441,143 440,143 439,143 438,143 437,143 436,143 435,143 434,143 433,143 432,143 431,143 430,143 429,143 428,143 427,143 426,143 425,143 424,143 423,143 422,143 421,143 420,143 419,143 418,143 417,143 416,143 415,143 414,143 413,143 412,143 411,143 410,144 409,145 408,146 407,147 406,147 405,148 404,149 403,149 402,150 401,151 400,151 399,152 398,153 397,153 396,154 395,155 394,155 393,156 392,157 391,157 390,158 390,159 390,160 390,161 391,160 391,159 392,159 392,160 391,161 392,161 393,160 393,159 394,159 394,160 393,161 394,161 394,162 394,163 395,162 395,161 396,161 396,162 395,163 396,163 397,162 397,161 398,161 398,162 397,163 398,163 398,164 398,165 399,164 399,163 400,163 400,164 399,165 400,165 401,164 401,163 402,164 401,165 402,165 402,166 402,167 403,166 403,165 404,165 404,166 403,167 404,167 405,166 405,165 406,165 406,166 405,167 406,167 406,168 406,169 406,170 406,171 406,172 406,173 406,174 406,175 406,176 406,177 406,178 406,179 406,180 406,181 406,182 406,183 406,184 406,185 406,186 406,187 406,188 406,189 406,190 406,191 406,192 406,193 406,194 406,195 406,196 406,197 406,198 406,199 406,200 406,201 406,202 406,203 406,204 406,205 406,206 406,207 406,208 406,209 406,210 406,211 406,212 406,213 406,214 406,215 406,216 406,217 406,218 406,219 406,220 406,221 406,222 406,223 406,224 406,225 406,226 406,227 406,228 406,229 406,230 406,231 406,232 406,233 406,234 406,235 406,236 406,237 406,238 406,239 406,240 406,241 406,242 406,243 406,244 406,245 406,246 406,247 406,248 406,249 406,250 406,251 406,252 406,253 406,254 406,255 406,256 406,257 406,258 406,259 406,260 406,261 406,262 407,261 407,260 407,259 407,258 407,257 407,256 407,255 407,254 407,253 407,252 407,251 407,250 407,249 407,248 407,247 407,246 407,245 407,244 407,243 407,242 407,241 407,240 407,239 407,238 407,237 407,236 407,235 407,234 407,233 407,232 407,231 407,230 407,229 407,228 407,227 407,226 407,225 407,224 407,223 407,222 407,221 407,220 407,219 407,218 407,217 407,216 407,215 407,214 407,213 407,212 407,211 407,210 407,209 407,208 407,207 407,206 407,205 407,204 407,203 407,202 407,201 407,200 407,199 407,198 407,197 407,196 407,195 407,194 407,193 407,192 407,191 407,190 407,189 407,188 407,187 407,186 407,185 407,184 407,183 407,182 407,181 407,180 407,179 407,178 407,177 407,176 407,175 407,174 407,173 407,172 407,171 407,170 407,169 407,168 407,167 407,166 407,165 407,164 407,163 407,162 408,161 408,160 408,159 408,158 409,157 409,156 409,155 409,154 410,153 410,152 410,151 410,150 411,149 411,148 411,147 411,146 410,145 411,144 411,145 412,144 412,145 412,146 412,147 412,148 412,149 411,150 411,151 411,152 411,153 410,154 410,155 410,156 410,157 409,158 409,159 409,160 409,161 408,162 408,163 408,164 408,165
479,143 478,142 479,142 480,142 480,143 481,142 481,143 482,142 482,143 483,142 483,143 484,142 484,143 485,142 485,143 486,142 486,143 487,142 487,143 488,142 488,143 489,142 489,143 490,142 490,143 491,142 491,143 492,142 492,143 493,142 493,143 494,143 495,142
415,113 415,112 415,111 415,110 415,109 415,108 415,107 415,106 414,105 413,104 412,103 411,102 410,101 409,100 408,99 407,100 406,100 405,100 404,99 403,98 402,98 401,98 400,98 399,97 398,96 397,95 396,94 395,94 394,94 393,94 392,94 391,94 390,94 389,94 388,94 387,94 386,94 385,94 384,94 383,94 382,94 381,94 380,94 379,94 378,94 377,94 376,94 375,94 374,94 373,94 372,94 371,94 370,94 369,94 368,94 367,94 366,94 365,94 364,94 363,94 362,94 361,94 360,94 359,94 358,94 357,94 356,94 355,94 354,94 353,94 352,94 351,94 350,94 349,94 348,94 347,94 346,94 345,94 344,94 343,94 342,94 341,94 341,95 341,96 341,97 342,96 342,95 343,95 343,96 342,97 343,97 344,96 344,95 345,95 345,96 344,97 345,97 346,96 346,95 347,95 347,96 346,97 347,97 348,96 348,95 349,95 349,96 348,97 349,97 350,96 350,95 351,95 351,96 350,97 351,97 352,96 352,95 353,95 353,96 352,97 353,97 354,96 354,95 355,95 355,96 354,97 355,97 356,96 356,95 357,95 357,96 356,97 357,97 358,96 358,95 359,95 359,96 358,97 359,97 360,96 360,95 361,95 361,96 360,97 361,97 362,96 362,95 363,95 363,96 362,97 363,97 364,96 364,95 365,95 365,96 364,97 365,97 366,96 366,95 367,95 367,96 366,97 367,97 368,96 368,95 369,95 369,96 368,97 369,97 370,96 370,95 371,95 371,96 370,97 371,97 372,96 372,95 373,95 373,96 372,97 373,97 374,96 374,95 375,95 375,96 374,97 375,97 376,96 376,95 377,95 377,96 376,97 377,97 378,96 378,95 379,95 379,96 378,97 379,97 380,96 380,95 381,95 381,96 380,97 381,97 382,96 382,95 383,95 383,96 382,97 383,97 384,96 384,95 385,95 385,96 384,97 385,97 386,96 386,95 387,95 387,96 386,97 387,97 388,96 388,95 389,95 389,96 388,97 389,97 390,96 390,95 391,95 391,96 390,97 391,97 392,96 392,95 393,95 393,96 392,97 393,97 394,96 394,95 395,95 395,96 394,97 395,97 396,96 396,95 397,96 396,97 397,97 398,97 399,98 399,99 400,99 401,99 402,99 403,99 404,100 404,101 405,101 406,101 407,101 408,101 409,102 408,103 407,103 406,103 405,103 404,103 403,103 402,103 401,103 400,103 399,103 398,103 397,103 396,103 395,103 394,103 393,103 392,103 391,103 390,103 389,103 388,103 387,103 386,103 385,103 384,103 383,103 382,103 381,103 380,103 379,103 378,103 377,103 376,103 375,103 374,103 373,103 372,103 371,103 370,103 369,103 368,103 367,103 366,103 365,103 364,103 363,103 362,103 361,103 360,103 359,103 358,103 357,103 356,103 355,103 355,104 354,105 355,105 356,104 356,105 357,104 357,105 358,104 358,105 359,104 359,105 360,104 360,105 361,104 361,105 362,104 362,105 363,104 363,105 364,104 364,105 365,104 365,105 366,104 366,105 367,104 367,105 368,104 368,105 369,104 369,105 370,104 370,105 371,104 371,105 372,104 372,105 373,104 373,105 374,104 374,105 375,104 375,105 376,104 376,105 377,104 377,105 378,104 378,105 379,104 379,105 380,104 380,105 381,104 381,105 382,104 382,105 383,104 383,105 384,104 384,105 385,104 385,105 386,104 386,105 387,104 387,105 388,104 388,105 389,104 389,105 390,104 390,105 391,104 391,105 392,104 392,105 393,104 393,105 394,104 394,105 395,104 395,105 396,104 396,105 397,104 397,105 398,104 398,105 399,104 399,105 400,104 400,105 401,104 401,105 402,104 402,105 403,104 403,105 404,104 404,105 405,104 405,105 406,104 406,105 407,104 407,105 408,104 408,105 409,104 409,103 410,103 410,104 409,105 410,105 411,104 411,105 412,105
416,111 416,110 416,109 417,109 417,110 417,111 418,110 418,109 419,109 419,110 418,111 419,111 420,110 420,109 421,109 421,110 420,111 421,111 422,110 422,109 423,109 423,110 422,111 423,111 424,110 424,109 425,109 425,110 424,111 425,111 426,110 426,109 427,109 427,110 426,111 427,111 428,110 428,109 429,109 429,110 428,111 429,111 430,110 430,109 431,109 431,110 430,111 431,111 432,110 432,109 433,109 433,110 432,111 433,111 434,110 434,109 435,109 435,110 434,111 435,111 436,110 436,109 437,109 437,110 436,111 437,111 438,110 438,109 439,109 439,110 438,111 439,111 440,110 440,109 441,109 441,110 440,111 441,111 442,110 442,109 443,109 443,110 442,111 443,111 444,110 444,109 445,109 445,110 444,111 445,111 446,110 446,109 447,109 447,110 446,111 447,111 448,110 448,109 449,109 449,110 448,111 449,111 450,110 450,109 451,109 451,110 450,111 451,111 452,110 452,109 453,109 453,110 452,111 453,111 454,110 454,109 455,109 455,110 454,111 455,111 456,110 456,109 457,109 457,110 456,111 457,111 458,110 458,109 459,109 459,110 458,111 459,111 460,110 460,109 461,109 461,110 460,111 461,111 462,110 462,109 463,109 463,110 462,111 463,111 464,110 464,109 465,109 465,110 464,111 465,111 466,110 466,109 467,109 467,110 466,111 467,111 468,110 468,109 469,109 469,110 468,111 469,111 470,110 470,109 471,109 471,110 470,111 471,111 472,110 472,109 473,109 473,110 472,111 473,111 474,110 474,109 475,109 475,110 474,111 475,111 476,110 476,109 477,109 477,110 476,111 477,111 478,110 478,109 479,109 479,110 478,111 479,111 480,110 480,109 481,109 481,110 480,111 481,111 482,110 482,109 483,109 483,110 482,111 483,111 484,110 484,109 485,109 485,110 484,111 485,111 486,110 486,109 487,109 487,110 486,111 487,111 488,110 488,109 489,109 489,110 488,111 489,111 490,110 490,109 491,109 491,110 490,111 491,111 492,110 492,109 493,109 493,110 492,111 493,111 494,110 494,109 495,109 495,110 494,111 495,111 496,110 496,109 497,109 497,110 496,111 497,111 498,110 498,109 499,109 499,110 498,111 499,111 500,110 500,109 501,109 501,110 500,111 501,111 502,110 502,109 503,109 503,110 502,111 503,111 504,110 504,109 505,109 505,110 504,111 505,111 506,110 506,109 507,109 507,110 506,111 507,111
353,129 352,130 351,131 350,131 349,130 348,129 347,129 346,128 345,127 344,126 343,125 342,125 341,124 340,123 339,122 338,121 337,121 336,120 335,119 335,120 335,121 335,122 335,123 335,124 335,125 335,126 335,127 335,128 335,129 334,130 334,131 334,132 334,133 335,132 335,131 335,130
353,130 352,131 351,132 351,133 352,132 352,133 352,134 352,135 352,136 352,137 352,138 352,139 352,140 352,141 352,142 352,143 352,144 352,145 352,146 351,147 350,147 349,146 348,145 347,144 346,143 345,142 344,141 343,140 342,139 341,138 340,137 339,136 338,135 337,134 336,133 335,133 335,134 335,135 335,136 335,137 335,138 335,139 335,140 335,141 335,142 335,143 335,144 335,145 335,146 335,147 335,148 335,149 335,150 335,151 335,152 335,153 335,154 335,155
353,131 353,132 353,133 353,134 353,135 353,136 353,137 353,138 353,139 353,140 353,141 353,142 353,143 353,144 353,145 353,146 352,147 351,148 350,148 349,147 348,146 347,145 346,144 345,143 344,142 343,141 342,140 341,139 340,138 339,137 338,136 337,135 336,134 336,135 337,136 337,137 338,137 339,138 339,139 340,139 341,140 341,141 342,141 342,142 342,143 343,142 343,143 344,143 345,144 346,145 347,146 347,147 348,147 349,148 349,149 350,149 351,149 351,150 351,151 352,150 352,149 352,148 353,147 353,148 353,149 353,150 352,151 352,152 352,153 352,154 352,155 352,156 352,157 352,158 352,159 352,160 352,161 352,162 352,163 352,164 352,165 352,166 352,167 352,168 352,169 352,170 352,171 352,172 352,173 352,174 352,175 353,174 353,173 353,172 353,171 353,170 353,169 353,168 353,167 353,166 353,165 353,164 353,163 353,162 353,161 353,160 353,159 353,158 353,157 353,156 353,155 353,154 353,153 353,152 353,151
353,175 353,176 352,177 353,177 353,178 352,179 353,179 353,180 352,181 353,181 353,182 353,183 353,184 352,185 353,185 353,186 353,187 354,188 353,189
373,217 374,217 374,218 374,219 375,219 375,220 375,221 376,221 376,222 376,223 377,223 377,224 376,225
379,225 378,225 379,226 379,227 380,227 380,228 381,229 382,229 382,230 383,231
390,241 389,241 389,242 389,243 388,244 388,245 389,245 390,244 390,243 390,242 391,243 391,244 391,245 392,244 392,243 392,242 392,241 392,240 392,239 392,238 392,237 392,236 392,235 392,234 392,233 392,232 392,231 392,230 392,229 392,228 392,227 392,226 392,225 392,224 392,223 392,222 392,221 392,220 392,219 392,218 392,217 392,216 393,215 393,216 393,217 393,218 393,219 393,220 393,221 393,222 393,223 393,224 393,225 393,226 393,227 393,228 393,229 393,230 393,231 393,232 393,233 393,234 393,235 393,236 393,237 393,238 393,239 393,240 393,241 393,242 393,243 393,244 392,245 392,246 392,247 393,246 393,245
394,248 394,249 395,249 395,250 395,251 396,251 396,252 397,253 397,254 396,255
399,255 398,255 399,256 399,257 400,256 400,255 400,254 400,253 400,252 400,251 400,250 400,249 400,248 400,247 400,246 400,245 400,244 400,243 400,242 400,241 400,240 400,239 400,238 400,237 400,236 400,235 400,234 400,233 400,232 400,231 400,230 400,229 400,228 400,227 400,226 400,225 400,224 399,223 399,222 398,221 397,220 396,219 395,218 394,217 394,216 394,215
401,257 400,257 400,258 401,258 401,259 401,260 402,259 402,260 402,261 403,262 403,263 403,264 404,264 404,265 405,265 405,266 405,267 406,266 406,265 407,264 407,263 407,262
407,268 407,269 407,270 407,271 408,270 408,271 409,271 409,272 409,273 410,272 410,273 411,274 411,275 412,276 412,277 413,278 413,279 414,278 414,279 415,280 415,281 416,282 416,283 417,284 417,285 418,284 418,285 419,286 419,287 420,288 420,289 421,290 421,291 422,290 422,291 423,292 423,293 424,294 424,295 425,296 425,297 426,296 426,297 427,298 426,299 427,299
408,171 408,170 408,169 408,168 408,167 409,167 409,168 409,169 409,170 409,171 410,170 410,169 410,168 410,167 411,167 411,168 411,169 411,170 410,171 411,171 411,172 411,173 412,172 412,171 413,171 413,172 412,173 413,173 414,172 414,171
414,174 414,173 415,173 415,174 414,175 415,175 416,174 416,173 417,173 417,174 416,175 417,175 417,176 417,177 418,176 418,175 419,175 419,176 418,177 419,177 419,178 419,179 420,178 420,177 421,177 421,178 420,179 421,179 422,178 422,177
422,180 422,179 423,179 423,180 422,181 423,181 424,180 424,179 425,180 424,181 425,181 425,182 426,181 426,182 426,183 427,182 427,181 428,181 428,182 427,183 428,183 429,184 429,185 430,184 430,185 431,184 431,185 432,185 432,186 432,187 433,186 433,187 434,186 434,187 434,188 435,187 435,188 435,189 436,188 436,189 437,188 437,189 437,190 438,189 438,190 438,191 439,190 439,191 440,190 440,191 440,192 441,192 441,193 442,192 442,193 443,194 443,195 444,194 444,193 445,194 444,195 445,195 445,196 446,195 446,196 446,197 447,196 447,195 448,196 447,197 448,197 449,197 449,198 449,199 450,198 450,199 451,198 451,199 451,200 452,199 452,200 452,201 453,200 453,199 454,200 453,201 454,201 454,202 455,201 455,202 455,203 456,202 456,201 457,202 456,203 457,203 457,204 458,204 458,205 459,204 459,203 460,204 459,205 460,205 461,205 461,206 461,207 462,206 462,205 463,206 462,207 463,207 464,208 464,209 465,208 465,207 466,208 465,209 466,209 466,210 467,209 467,210 467,211 468,210 468,211 468,212 469,211 469,212 469,213 470,212 470,211 471,212 470,213 471,213 471,214 471,215 472,214 472,213 473,213 473,214 472,215 473,215 474,214 474,213
474,216 474,215 475,215 475,216 474,217 475,217 476,216 476,215 477,215 477,216 476,217 476,218 476,219 477,218 477,217 478,217 478,218 477,219 478,219 478,220 478,221 478,222 478,223 478,224 478,225 478,226 478,227 478,228 478,229 478,230 478,231 478,232 478,233 478,234 478,235 478,236 478,237 478,238 478,239 478,240 478,241 478,242 478,243 478,244 478,245 478,246 478,247 478,248 478,249 478,250 478,251 478,252 478,253 478,254 478,255 478,256 478,257 478,258 478,259 478,260 478,261 478,262 478,263 478,264 478,265 478,266 478,267 478,268 478,269 478,270 478,271 478,272 478,273 478,274 478,275 478,276 478,277 478,278 478,279 478,280 478,281 478,282 478,283 478,284 478,285 478,286 478,287 478,288 478,289 478,290 478,291 478,292 478,293 478,294 478,295 479,294 479,293 479,292 479,291 479,290 479,289 479,288 479,287 479,286 479,285 479,284 479,283 479,282 479,281 479,280 479,279 479,278 479,277 479,276 479,275 479,274 479,273 479,272 479,271 479,270 479,269 479,268 479,267 479,266 479,265 479,264 479,263 479,262 479,261 479,260 479,259 479,258 479,257 479,256 479,255 479,254 479,253 479,252 479,251 479,250 479,249 479,248 479,247 479,246 479,245 479,244 479,243 479,242 479,241 479,240 479,239 479,238 479,237 479,236 479,235 479,234 479,233 479,232 479,231 479,230 479,229 479,228 479,227 479,226 479,225 479,224 479,223 479,222 479,221 479,220 479,219 479,218 479,217 480,217 480,218 480,219 481,218 481,217 482,217 482,218 481,219 482,219 483,218 483,217 484,217 484,218 483,219 484,219 485,218 485,217 486,217 486,218 485,219 486,219 487,218 487,217 488,217 488,218 487,219 488,219 489,218 489,217 490,217 490,218 489,219 490,219 491,218 491,217 492,217 492,218 491,219 492,219 493,218 493,217 494,217 494,218 493,219 494,219 495,218 495,217 496,217 496,218 495,219 496,219 497,218 497,217 498,217 498,218 497,219 498,219 499,218 499,217 500,217 500,218 499,219 500,219 501,218 501,217 502,217 502,218 501,219 502,219 503,218 503,217 504,217 504,218 503,219 504,219 505,218 505,217 506,217 506,218 505,219 506,219 507,218 507,217
479,295 479,296 479,297 479,298 478,299 479,299
412,169 412,168 412,167 413,167 413,168 413,169 414,168 414,167 415,167 415,168 414,169 415,169 416,168 416,167 417,167 417,168 416,169 417,169 418,168 418,167 419,167 419,168 418,169 419,169 420,168 420,167 421,167 421,168 420,169 421,169 422,168 422,167 423,167 423,168 422,169 423,169 424,168 424,167 425,167 425,168 424,169 425,169 426,168 426,167 427,167 427,168 426,169 427,169 428,168 428,167 429,167 429,168 428,169 429,169 430,168 430,167 431,167 431,168 430,169 431,169 432,168 432,167 433,167 433,168 432,169 433,169 434,168 434,167 435,167 435,168 434,169 435,169 436,168 436,167 437,167 437,168 436,169 437,169 438,168 438,167 439,167 439,168 438,169 439,169 440,168 440,167 441,167 441,168 440,169 441,169 442,168 442,167 443,167 443,168 442,169 443,169 444,168 444,167 445,167 445,168 444,169 445,169 446,168 446,167 447,167 447,168 446,169 447,169 448,168 448,167 449,167 449,168 448,169 449,169 450,168 450,167 451,167 451,168 450,169 451,169 452,168 452,167 453,167 453,168 452,169 453,169 454,168 454,167 455,167 455,168 454,169 455,169 456,168 456,167 457,167 457,168 456,169 457,169 458,168 458,167 459,167 459,168 458,169 459,169 460,168 460,167 461,167 461,168 460,169 461,169 462,168 462,167 463,167 463,168 462,169 463,169 464,168 464,167 465,167 465,168 464,169 465,169 466,168 466,167 467,167 467,168 466,169 467,169 468,168 468,167 469,167 469,168 468,169 469,169 470,168 470,167 471,167 471,168 470,169 471,169 472,168 472,167 473,167 473,168 472,169 473,169 474,168 474,167 475,167 475,168 474,169 475,169 476,168 476,167 477,167 477,168 476,169 477,169 478,168 478,167 479,167 479,168 478,169 479,169 480,168 480,167 481,167 481,168 480,169 481,169 482,168 482,167 483,167 483,168 482,169 483,169 484,168 484,167 485,167 485,168 484,169 485,169 486,168 486,167 487,167 487,168 486,169 487,169 488,168 488,167 489,167 489,168 488,169 489,169 490,168 490,167 491,167 491,168 490,169 491,169 492,168 492,167 493,167 493,168 492,169 493,169 494,168 494,167 495,167 495,168 494,169 495,169 496,168 496,167 497,167 497,168 496,169 497,169 498,168 498,167 499,167 499,168 498,169 499,169 500,168 500,167 501,167 501,168 500,169 501,169 502,168 502,167 503,167 503,168 502,169 503,169 504,168 504,167 505,167 505,168 504,169 505,169 506,168 506,167 507,167 507,168 506,169 507,169
394,219 394,218 395,217 396,217 396,218 395,219 396,220 396,221 397,221 398,220 397,219 398,219 399,219 399,220 399,221 400,221 400,222 400,223 401,222 401,221
401,225 401,226 401,227 401,228 401,229 401,230 401,231 401,232 401,233 401,234 401,235 401,236 401,237 401,238 401,239 401,240 401,241 401,242 401,243 401,244 401,245 401,246 401,247 401,248 401,249 401,250 401,251 401,252 401,253 401,254 401,255 401,256
343,171 342,170 341,169 340,168 339,169 340,170 340,171 341,171
340,167 339,166 338,165 338,164 337,163 338,163
416,105 415,104 414,103 413,102 412,101 411,101 412,102 413,101 414,101 414,102 413,103 414,104 415,103 416,103 416,104 415,105
400,95 399,94 398,93 397,93 398,94 399,93 400,93 400,94 399,95
401,95 401,94 401,93 402,93 402,94 402,95 403,94 403,93 404,93 404,94 403,95 404,95 405,94 405,93 406,93 406,94 405,95 406,95 407,94 407,93 408,93 408,94 407,95 408,95 409,94 409,93 410,93 410,94 409,95 410,95 411,94 411,93 412,93 412,94 411,95 412,95 413,94 413,93 414,93 414,94 413,95 414,95 415,94 415,93 416,93 416,94 415,95 416,95 417,94 417,93 418,93 418,94 417,95 418,95 419,94 419,93 420,93 420,94 419,95 420,95 421,94 421,93 422,93 422,94 421,95 422,95 423,94 423,93 424,93 424,94 423,95 424,95 425,94 425,93 426,93 426,94 425,95 426,95 427,94 427,93 428,93 428,94 427,95 428,95 429,94 429,93 430,93 430,94 429,95 430,95 431,94 431,93 432,93 432,94 431,95 432,95 433,94 433,93 434,93 434,94 433,95 434,95 435,94 435,93 436,93 436,94 435,95 436,95 437,94 437,93 438,93 438,94 437,95 438,95 439,94 439,93 440,93 440,94 439,95 440,95 441,94 441,93 442,93 442,94 441,95 442,95 443,94 443,93 444,93 444,94 443,95 444,95 445,94 445,93 446,93 446,94 445,95 446,95 447,94 447,93 448,93 448,94 447,95 448,95 449,94 449,93 450,93 450,94 449,95 450,95 451,94 451,93 452,93 452,94 451,95 452,95 453,94 453,93 454,93 454,94 453,95 454,95 455,94 455,93 456,93 456,94 455,95 456,95 457,94 457,93 458,93 458,94 457,95 458,95 459,94 459,93 460,93 460,94 459,95 460,95 461,94 461,93 462,93 462,94 461,95 462,95 463,94 463,93 464,93 464,94 463,95 464,95 465,94 465,93 466,93 466,94 465,95 466,95 467,94 467,93 468,93 468,94 467,95 468,95 469,94 469,93 470,93 470,94 469,95 470,95 471,94 471,93 472,93 472,94 471,95 472,95 473,94 473,93 474,93 474,94 473,95 474,95 475,94 475,93 476,93 476,94 475,95 476,95 477,94 477,93 478,93 478,94 477,95 478,95 479,94 479,93 480,93 480,94 479,95 480,95 481,94 481,93 482,93 482,94 481,95 482,95 483,94 483,93 484,93 484,94 483,95 484,95 485,94 485,93 486,93 486,94 485,95 486,95 487,94 487,93 488,93 488,94 487,95 488,95 489,94 489,93 490,93 490,94 489,95 490,95 491,94 491,93 492,93 492,94 491,95 492,95 493,94 493,93 494,93 494,94 493,95 494,95 495,94 495,93 496,93 496,94 495,95 496,95 497,94 497,93 498,93 498,94 497,95 498,95 499,94 499,93 500,93 500,94 499,95 500,95 501,94 501,93 502,93 502,94 501,95 502,95 503,94 503,93 504,93 504,94 503,95 504,95 505,94 505,93 506,93 506,94 505,95 506,95 507,94 507,93
344,127 343,127 342,127 342,128 342,129 342,130 342,131 342,132 342,133 342,134 342,135 342,136 341,137 342,137 342,138 343,137 343,136 343,135 343,134 343,133 343,132 343,131 343,130 343,129 343,128
221,112 221,113 221,114 221,115 221,116 221,117 221,118 221,119 221,120 221,121 221,122 221,123 221,124 221,125 221,126 221,127 221,128 221,129 221,130 221,131 221,132 221,133 221,134 221,135 221,136 221,137 221,138 221,139 221,140 221,141 221,142 221,143 221,144 221,145 221,146 221,147 221,148 221,149 221,150 221,151 221,152 221,153 221,154 221,155 221,156 221,157 221,158 221,159 221,160 221,161 221,162 221,163 221,164 221,165 221,166 221,167 221,168 221,169 221,170 221,171 221,172 221,173 221,174 221,175 221,176 221,177 221,178 221,179 221,180 221,181 221,182 221,183 221,184 221,185 221,186 221,187 221,188 221,189 221,190 220,191 219,192 218,193 217,194 217,195 216,196 215,197 214,198 214,199 213,200 212,201 211,202 210,203 209,204 209,205 208,206 207,207 206,208 205,209 204,210 204,211 203,212 202,213 201,214 201,215 200,216 199,217 198,218 197,219 196,220 196,221 195,222 194,223 193,224 192,225 191,226 191,227 190,228 189,229 188,230 187,231 186,232 186,233 185,234 184,235 183,236 183,237 182,238 181,239 180,240 179,241 178,242 178,243 177,244 176,245 175,246 174,247 173,248 173,249 172,250 171,251 170,252 170,253 169,254 168,255 167,256 166,257 165,258 165,259 164,260 163,261 162,262 161,263 160,264 160,265 159,266 158,267 157,268 157,269 156,270 155,271 154,272 153,273 152,274 152,275 151,276 150,277 149,278 148,279 147,280 147,281 146,282 145,283 144,284 143,285 142,286 142,287 141,288 140,289 139,290 139,291 138,292 137,293 136,294 135,295 134,296 134,297 133,298 132,299 133,299 134,298 134,299
222,114 222,115 222,116 222,117 222,118 222,119 222,120 222,121 222,122 222,123 222,124 222,125 222,126 222,127 222,128 222,129 222,130 222,131 222,132 222,133 222,134 222,135 222,136 222,137 222,138 222,139 222,140 222,141 222,142 222,143 222,144 222,145 222,146 222,147 222,148 222,149 222,150 222,151 222,152 222,153 222,154 222,155 222,156 222,157 222,158 222,159 222,160 222,161 222,162 222,163 222,164 222,165 222,166 222,167 222,168 222,169 222,170 222,171 222,172 222,173 222,174 222,175 222,176 222,177 222,178 222,179 222,180 222,181 222,182 222,183 222,184 222,185 222,186 222,187 222,188 222,189 222,190 221,191 220,192 219,193 218,194 218,195 217,196 216,197 215,198 215,199 214,200 213,201 212,202 211,203 210,204 210,205 209,206 208,207 207,208 206,209 205,210 205,211 204,212 203,213 202,214 202,215 201,216 200,217 199,218 198,219 197,220 197,221 196,222 195,223 194,224 193,225 192,226 192,227 191,228 190,229 189,230 188,231 187,232 187,233 186,234 185,235 184,236 184,237 183,238 182,239 181,240 180,241 179,242 179,243 178,244 177,245 176,246 175,247 174,248 174,249 173,250 172,251 171,252 171,253 170,254 169,255 168,256 167,257 166,258 166,259 165,260 164,261 163,262 162,263 161,264 161,265 160,266 159,267 158,268 158,269 157,270 156,271 155,272 154,273 153,274 153,275 152,276 151,277 150,278 149,279 148,280 148,281 147,282 146,283 145,284 144,285 143,286 143,287 142,288 141,289 140,290 140,291 139,292 138,293 137,294 136,295 135,296 135,297 136,296 136,297
222,191 221,192 220,193 219,194 219,195
290,112 290,113 290,114 290,115 291,114 291,113 291,112
292,115 291,115 291,116 291,117 292,116 292,117 292,118 292,119 292,120 292,121 293,120 293,119 293,118 293,117
294,121 293,121 293,122 294,122 294,123 294,124 295,123 295,124 295,125 296,126 295,127 295,128 296,127 296,128 296,129 297,130 297,131 298,132 298,133 298,134 298,135 298,136 299,136 299,137 300,138 300,139 300,140 300,141 301,142 301,143 302,144 302,145 302,146 302,147 302,148 303,148 303,149 304,150 304,151 305,152 305,153 305,154 305,155 306,156 306,157 306,158 307,158 307,159 307,160 307,161 308,162 308,163 309,164 309,165 309,166 309,167 310,168 310,169 311,170 311,171 311,172 311,173 312,174 312,175 313,176 313,177 314,178 314,179 314,180 314,181 315,182 315,183 315,184 316,184 316,185 316,186 316,187 317,188 317,189 318,190 318,191 318,192 318,193 319,194 319,195 320,196 320,197 320,198 320,199 321,200 321,201 321,202 322,202 322,203 323,204 323,205 323,206 323,207 324,208 324,209 325,210 325,211 325,212 325,213 326,214 326,215 327,216 327,217 327,218 327,219 327,220 328,220 328,221 329,222 329,223 329,224 329,225 330,226 330,227 331,228 331,229 331,230 331,231 331,232 332,232 332,233 333,234 333,235 334,236 334,237 334,238 334,239 335,240 335,241 336,242 336,243 336,244 336,245 337,246 337,247 338,248 338,249 338,250 338,251 339,252 339,253 340,254 340,255 340,256 340,257 341,258 341,259 342,260 342,261 342,262 343,262 343,263 343,264 343,265 344,266 344,267 345,268 345,269 345,270 345,271 346,272 346,273 347,274 347,275 347,276 347,277 348,278 348,279 349,280 349,281 349,282 349,283 350,284 350,285 351,286 351,287 352,288 352,289 352,290 352,291 353,292 353,293 354,294 354,295 354,296 354,297 355,298 354,299 355,299
190,176 189,177 188,178 187,179 186,180 185,181 184,180 184,181 183,182 182,183 181,184 180,184 179,185 178,184 178,185 178,186 177,187 176,188 175,189 174,190 173,191 172,190 171,189 171,190 171,191 171,192 170,193 169,193 168,193 167,193 166,193 165,193 164,193 163,193 163,194 163,195 164,194 164,195 165,194 165,195 166,194 166,195 167,194 167,195 168,194 168,195 169,194 169,195 170,194 170,195 171,194 171,193 172,192 172,191 173,192 172,193 172,194 171,195 172,195
78,90 77,90 76,89 75,89 74,89 73,89 72,90 71,91 70,91 69,91 68,91 67,91 66,91 65,91 64,91 63,91 62,91 61,91 60,91 59,91 58,91 57,91 56,91 55,91 54,91 53,91 52,91 51,91 50,92 49,93 48,93 47,93 46,94 45,95 44,95 43,95 42,95 41,95 40,95 40,96 39,97 38,98 37,99 36,99 35,99 34,100 33,101 32,101 31,101 30,102 29,103 28,103 27,103 26,104 25,105 24,105 23,105 22,106 21,107 20,107 19,107 18,108 17,109 16,109 15,109
79,91 78,91 77,91 76,90 75,90 74,90 73,90 72,91 73,91 74,91 75,91 76,91
80,91 79,90 80,90 81,90 81,91 82,90 82,91 83,90 83,91 84,90 84,91 85,90 85,91 86,90 86,91 87,90 87,91 88,90 88,91 89,90 89,91 90,90 90,91 91,90 91,91 92,90 92,91 93,90 93,91 94,90 94,91 95,90 95,91 96,90 96,91 97,90 97,91 98,90 98,91 99,90 99,91 100,90 100,91 101,90 101,91 102,90 102,91 103,90 103,91 104,90 104,91 105,90 105,91 106,90 106,91 107,90 107,91 108,90 108,91 109,90 109,91 110,90 110,91 111,90 111,91 112,90 112,91 113,90 113,91 114,90 114,91 115,90 115,91 116,90 116,91 117,90 117,91 118,90 118,91 119,90 119,91 120,90 120,91 121,90 121,91 122,90 122,91 123,90 123,91 124,90 124,91 125,90 125,91 126,90 126,91 127,90 127,91 128,90 128,91 129,90 129,91 130,90 130,91 131,90 131,91 132,90 132,91 133,90 133,91 134,90 134,91 135,90 135,91 136,90 136,91 137,90 137,91 138,90 138,91 139,90 139,91 140,90 140,91 141,90 141,91 142,90 142,91 143,90 143,91 144,90 144,91 145,90 145,91 146,90 146,91 147,90 147,91 148,90 148,91 149,90 149,91 150,90 150,91 151,90 151,91 152,90 152,91 153,90 153,91 154,90 154,91 155,90 155,91 156,90 156,91 157,91 158,90 157,89 158,89 159,89 159,90 159,91 160,90 160,89 161,89 161,90 160,91 160,92 159,93 158,93 157,93 156,94 155,95 154,96 153,97 152,97 151,98 150,99 149,99 148,100 147,101 146,101 145,102 144,103 143,103 142,104 141,105 140,105 139,106 138,107 137,108 136,109 135,109 134,110 133,111 132,111 132,112 132,113 132,114 132,115 132,116 132,117 132,118 132,119 132,120 132,121 132,122 132,123 132,124 132,125 132,126 131,127 130,128 129,128 128,127 127,126 126,125 125,124 124,125 123,125 122,125 121,125 120,125 119,125 118,125 117,125 116,125 115,125 114,125 113,125 112,125 111,125 110,125 109,125 108,125 107,125 106,125 105,125 104,125 103,125 102,125 101,125 100,125 99,125 98,125 97,125 96,125 95,125 94,125 93,125 92,125 91,125 90,125 89,125 88,125 87,125 86,125 85,125 84,125 83,125 82,125 81,125 80,125 79,125 78,125 77,125 76,125 75,125 74,125 73,125 72,125 71,125 70,125 69,125 68,125 67,125 66,125 65,125 64,125 63,125 62,125 61,125 60,125 59,125 58,125 57,125 56,125 55,125 54,125 53,125 52,125 51,125 50,125 49,125 48,125 47,125 46,125 45,125 44,125 43,125 42,125 41,125 40,126 39,127 38,128 37,129 36,130 35,131 34,132 33,133 32,134 31,135 30,136 29,137 28,137 27,138 26,139 25,140 24,141 23,142 22,143 23,143
162,95 162,94 161,93 161,92 161,91 162,90 162,89 163,89 163,90 162,91 162,92 162,93
172,101 172,100 171,99 172,99 173,98 173,99
172,102 172,103 172,104 172,105 172,106 172,107 172,108 172,109 172,110 172,111 172,112 172,113 172,114 172,115 172,116 172,117 172,118 172,119 172,120 172,121 172,122 172,123 172,124 172,125 172,126 172,127 172,128 172,129 172,130 172,131 172,132 172,133 172,134 172,135 172,136 172,137 172,138 172,139 172,140 172,141 172,142 172,143 172,144 172,145 172,146 172,147 172,148 172,149 172,150 172,151 172,152 172,153 172,154 172,155 172,156 172,157 172,158 172,159 172,160 172,161 172,162 172,163 172,164 172,165 172,166 172,167 172,168 172,169 172,170 172,171 172,172 172,173 172,174 172,175 172,176 172,177 172,178 172,179 172,180 172,181 172,182 172,183 172,184 172,185 172,186 172,187 172,188
176,189 177,188 177,189 178,188 178,187 179,186 179,187
184,177 184,176 184,175 184,174 184,173 184,172 184,171 184,170 184,169 184,168 184,167 184,166 184,165 184,164 184,163 184,162 183,161 182,160 181,159 180,160 180,161 181,161
184,161 183,160 182,159 182,158 183,157 183,158 183,159 184,158 184,157
162,206 161,207 160,208 159,209 158,210 157,211 156,211 155,212 154,213 153,214 152,215 151,215 150,216 149,217 148,218 147,219 146,219 145,220 144,221 143,222 142,221 142,222 142,223 142,224 142,225 141,226 140,227 139,228 138,228 137,228 136,229 135,230 134,229 133,228 133,229 133,230 132,231 131,231 130,231 129,232 128,233 127,233 126,234 125,235 124,235 123,235 122,234 122,233 122,232 122,231 122,230 122,229 122,228 122,227 122,226 122,225 122,224 122,223 122,222 122,221 122,220 122,219 122,218 122,217 122,216 122,215 122,214 122,213 122,212 122,211 122,210 122,209 122,208 122,207 122,206 123,205 123,206 123,207
42,96 41,96 40,97 41,97 42,97
132,127 131,128 130,129 131,129 131,130 132,129 132,128
132,130 132,131 131,132 132,133 133,132 133,131 134,132 134,133 135,133 135,134 134,135
138,136 138,135 139,134 139,133 139,132 138,131 137,130 137,131 138,130 138,129 139,128 139,129 139,130 139,131 140,130 140,129 140,128 140,127 141,127 141,128 141,129 142,128 142,127 143,126 143,127 143,128 142,129 143,129
139,137 138,137 139,136 139,135 140,134 140,133 140,132 140,131
141,139 140,139 141,140 141,141 142,140 142,139
142,141 142,142 142,143 142,144 142,145 142,146 142,147 142,148 142,149 142,150 142,151 142,152 142,153 142,154 142,155 142,156 142,157 142,158 142,159 142,160 142,161 142,162 142,163 142,164 142,165 142,166 142,167 142,168 142,169 142,170 142,171 142,172 142,173 142,174 142,175 142,176 142,177 142,178 142,179 142,180 142,181 142,182 142,183 142,184 142,185 142,186 142,187 142,188 142,189 142,190 142,191 142,192 142,193 142,194 142,195 142,196 142,197 142,198 142,199 142,200 142,201 142,202 142,203 142,204 142,205 142,206 142,207 142,208 142,209 142,210 142,211 142,212 142,213 142,214 142,215 142,216 142,217 142,218
144,153 144,152 144,151 145,150 145,151 145,152 145,153
146,151 146,150 146,149 147,148 147,147 147,146 147,145 147,144 147,143 147,142 147,141 147,140 147,139 147,138 147,137 147,136 147,135 147,134 147,133 147,132 147,131 147,130 147,129 147,128 146,127 145,126 144,125 144,126 144,127 145,127 146,126 145,125 146,124 146,125 147,124 147,123 147,122 148,121 148,122 148,123 148,124 147,125 147,126 147,127 148,126 148,125 149,124 149,123 149,122 150,121 150,122 150,123 151,122 151,121 152,121 152,122 151,123 152,123 153,122 153,121 153,120 154,119 154,120 154,121 155,120 155,119 156,118 156,119 156,120 155,121 156,121 157,120 157,119 157,118 157,117 158,117 158,118 158,119 158,120 157,121 157,122 157,123 157,124 157,125 157,126 157,127 157,128 157,129 157,130 157,131 157,132 157,133 157,134 157,135 157,136 157,137 157,138 157,139 156,140 155,141 154,142 153,143 152,144 151,145 150,146 149,147 148,146 148,145 148,144 148,143 148,142 148,141 148,140 148,139 148,138 148,137 148,136 148,135 148,134 148,133 148,132 148,131 148,130 148,129 148,128 148,127
147,151 147,150 147,149 148,148 148,147 149,148 148,149 148,150 148,151
149,149 150,148 150,147 151,146 151,147 152,146 152,145 153,144 153,145 154,144 154,143 155,142 155,143 156,142 156,141 157,140 157,141 158,140 158,139 158,138 158,137 158,136 158,135 158,134 158,133 158,132 158,131 158,130 158,129 158,128 158,127 158,126 158,125 158,124 158,123 158,122 158,121
142,226 141,227 140,228 139,229 138,229 137,229 136,230 135,231 134,230 133,231 132,232 131,232 130,232 129,233 128,234 127,234 126,235 125,236 124,236 123,236 122,235 122,236 121,237 120,238 119,238 118,239 117,240 116,240 115,241 114,242 113,242 112,241 111,242 110,243 109,243 109,244 109,245 109,246 108,247 107,248 106,248 105,249 104,250 103,250 102,251 101,252 100,253 99,254 98,254 98,255 99,255 100,254 100,255
133,113 133,112 134,111 134,112 134,113
135,111 135,110 136,110 136,111 137,110 137,109 138,108 138,109 139,108 139,107 140,106 140,107 141,106 141,107 142,106 142,105 143,104 143,105 144,104 144,105 145,104 145,103 146,102 146,103 147,102 147,103 148,102 148,101 149,100 149,101 150,100 150,101 151,100 151,99 152,98 152,99 153,98 153,99 154,98 154,97 155,96 155,97 156,96 156,95 157,94 157,95 158,94 158,95 159,94 159,95
96,184 96,185 96,186 96,187 96,188 96,189 96,190 96,191 96,192 96,193 96,194 96,195 96,196 96,197 96,198 96,199 96,200 96,201 96,202 96,203 96,204 96,205 96,206 96,207 96,208 96,209 96,210 96,211 96,212 96,213 96,214 96,215 96,216 96,217 96,218 96,219 96,220 96,221 96,222 96,223 96,224 96,225 96,226 96,227 96,228 96,229 96,230 96,231 96,232 96,233 96,234 96,235 96,236 96,237 96,238 96,239
109,247 108,248 107,249 106,249 105,250 104,251 103,251 102,252 101,253 102,253
110,247 110,246 110,245 110,244 111,243 111,244 111,245 112,244 112,243 112,242 113,243 114,243 115,242 115,243
119,239 120,239 121,238 121,239 122,238 122,237 123,237 124,237 125,237 126,236 126,237
130,233 131,233 132,233 133,232 133,233
134,227 134,226 134,225 134,224 134,223 134,222 134,221 134,220 134,219 134,218 134,217 134,216 134,215 134,214 134,213 134,212 134,211 134,210 134,209 134,208 134,207 134,206 134,205 134,204 133,203 132,202 131,201 130,200 129,199 128,200 127,201 126,202 125,203 124,204 124,205 125,204 125,205
134,203 133,202 132,201 133,201 134,201 134,202
128,201 129,201 130,202 130,203 131,203
112,239 112,238 112,237 112,236 112,235 112,234 112,233 112,232 112,231 112,230 112,229 112,228 112,227 112,226 112,225 112,224 112,223 112,222 112,221 112,220 112,219 112,218 112,217 112,216 112,215 112,214 112,213 112,212 112,211 112,210 112,209 112,208 112,207 112,206 112,205 112,204 112,203 112,202 112,201 112,200 112,199 112,198 112,197 112,196 112,195 112,194 112,193 112,192 112,191 112,190 112,189 112,188 112,187 112,186 112,185 112,184 112,183 112,182 112,181 112,180 112,179 112,178 112,177 112,176 112,175 112,174 112,173 112,172 112,171 112,170 112,169 112,168 112,167 112,166 112,165 112,164 112,163 112,162 112,161 112,160 112,159 112,158 112,157 112,156 112,155 112,154 112,153 112,152 112,151 112,150 112,149 112,148 112,147 112,146 112,145 112,144 113,143 113,142 114,141 114,140 115,139 115,140 115,141 114,142 114,143 113,144 113,145
116,141 116,140 116,139 116,138 117,137 117,136 118,135 118,134 119,133 119,134 119,135 118,136 118,137 117,138 117,139
120,135 120,134 120,133 120,132 121,131 121,130 122,129 122,128 123,127 123,128 123,129 122,130 122,131 121,132 121,133
124,129 124,128 124,127 124,126 125,126 125,127 126,127
214,201 213,202 212,203 211,204 211,205
209,207 208,208 207,209 206,210 206,211
201,217 200,218 199,219 198,220 198,221
196,223 195,224 194,225 193,226 193,227
191,229 190,230 189,231 188,232 188,233
183,239 182,240 181,241 180,242 180,243
178,245 177,246 176,247 175,248 175,249
170,255 169,256 168,257 167,258 167,259
165,261 164,262 163,263 162,264 162,265
157,271 156,272 155,273 154,274 154,275
152,277 151,278 150,279 149,280 149,281
147,283 146,284 145,285 144,286 144,287
359,149 358,150 358,151 359,150 359,151 360,150 360,149 361,149 361,150 360,151 360,152 360,153 360,154 360,155 360,156 360,157 360,158 360,159 360,160 360,161 360,162 360,163 360,164 360,165 360,166 360,167 360,168 360,169 360,170 360,171 360,172 360,173 361,172 361,171 361,170 361,169 361,168 361,167 361,166 361,165 361,164 361,163 361,162 361,161 361,160 361,159 361,158 361,157 361,156 361,155 361,154 361,153 361,152 361,151 362,151 362,152 362,153 363,152 363,151 364,151 364,152 363,153 364,153 364,154 365,153 365,154 365,155 366,154 366,153 367,153 367,154 366,155 367,155 368,154 368,153
368,156 368,155 369,155 369,156 369,157 370,156 370,155 371,155 371,156 370,157 370,158 370,159 370,160 370,161 370,162 370,163 370,164 370,165 370,166 370,167 370,168 370,169 370,170 370,171 370,172 370,173 370,174 370,175 370,176 369,177 368,177 367,176 366,175 365,175 364,174 363,173 362,172 361,173 362,173 362,174 362,175 363,174 363,175 364,175 364,176 364,177 365,176 365,177 366,176 366,177 367,177 367,178 367,179 368,178 368,179 369,178 369,179 369,180 370,179 370,178 370,177 371,176 371,175 371,174 371,173 371,172 371,171 371,170 371,169 371,168 371,167 371,166 371,165 371,164 371,163 371,162 371,161 371,160 371,159 371,158 371,157 372,157 372,158 372,159 373,158 373,157 374,157 374,158 373,159 374,159 375,158 375,157
375,160 375,159 376,159 376,160 375,161 376,161 377,160 377,159 378,159 378,160 377,161 378,161 379,160 379,159
379,162 379,161 380,161 380,162 380,163 380,164 380,165 380,166 380,167 380,168 380,169 380,170 380,171 380,172 380,173 380,174 380,175 380,176 380,177 380,178 380,179 380,180 380,181 380,182 380,183 380,184 379,185 378,185 377,184 376,183 375,183 374,182 373,181 372,180 371,179 370,180 370,181 370,182 371,181 371,180 372,179 371,178 371,177
381,165 381,166 381,167 381,168 381,169 381,170 381,171 381,172 381,173 381,174 381,175 381,176 381,177 381,178 381,179 381,180 381,181 381,182 381,183 381,184 380,185 379,186 378,186 377,185 376,184 375,184 374,183 373,182 372,181 371,182 371,183 372,182 372,183 373,183 374,184 374,185 375,185 376,185 377,186 377,187 378,187 379,187 379,188 379,189 380,188 380,187 380,186 381,185 381,186 381,187 381,188 380,189 381,189
136,161 135,162 134,163 133,163 132,163 131,163 130,164 129,165 128,165 127,165 126,165 125,166 124,167 123,167 122,167 121,167 120,168 119,169 118,169 117,170 117,171 118,170 118,171 119,170 119,171 119,172 119,173 119,174 119,175 119,176 119,177 119,178 119,179 119,180 119,181 119,182 119,183 119,184 119,185 119,186 119,187 119,188 119,189 120,188 120,187 120,186 120,185 120,184 120,183 120,182 120,181 120,180 120,179 120,178 120,177 120,176 120,175 120,174 120,173 120,172 120,171 120,170 120,169 121,168 121,169 121,170 121,171 122,170 122,169 122,168 123,168 123,169 124,168 124,169 125,168 125,167 126,166 126,167 126,168 125,169 126,169 127,168 127,167 127,166 128,166 128,167 128,168 127,169 127,170 127,171 127,172 127,173 127,174 127,175 127,176 127,177 127,178 127,179 127,180 127,181 127,182 126,183 125,183 124,184 123,185 122,185 121,186 121,187 121,188 120,189 121,189
137,162 136,162 135,163 134,164 133,164 132,164 131,164 130,165 129,166 129,167 130,166 130,167
138,163 137,163 136,163 135,164 134,165 133,165 132,165 131,165
138,164 137,164 137,165 137,166 137,167 137,168 137,169 137,170 137,171 137,172 137,173 137,174 137,175 136,176 135,177 134,177 133,178 132,179 131,179 130,180 129,181 128,180 128,179 128,178 128,177 128,176 128,175 128,174 128,173 128,172 128,171 128,170 128,169
138,165 138,166 138,167 138,168 138,169 138,170 138,171 138,172 138,173 138,174 138,175 137,176 136,177 135,178 134,178 133,179 132,180 131,180 130,181 129,182 128,181 128,182 127,183 126,184 125,184 124,185 123,186 122,186 122,187 123,187 124,186 124,187
138,176 137,177 136,178 135,179 134,179 133,180 132,181 131,181 130,182 129,183 128,183 127,184 126,185 125,185
241,205 240,206 239,207 238,207 237,208 236,209 235,209 234,209 233,210 232,211 231,212 231,213 231,214 231,215 230,216 229,217 228,218 228,219 227,220 227,221 226,222 226,223 226,224 226,225 225,226 225,227 224,228 224,229 224,230 224,231 223,232 223,233 223,234 224,233 224,232 225,231 225,230 225,229 225,228 226,227 226,226 227,225 227,224 227,223 227,222 228,221 228,220 229,219 229,218 230,217 230,218 230,219 229,220 229,221 228,222 228,223 228,224 228,225 227,226 227,227 226,228 226,229 226,230 226,231 225,232 225,233 224,234 224,235 224,236 224,237 224,238 224,239 224,240 224,241 224,242 225,241 225,240 225,239 225,238 225,237 225,236 225,235 225,234 226,233 226,232
242,206 241,206 240,207 239,208 238,208 237,209 236,210 235,210 234,210 233,211 232,212 232,213 232,214 232,215 231,216 231,217 231,218 231,219 230,220 230,221 229,222
243,207 242,207 241,207 240,208 239,209 238,209 237,210 236,211 235,211 234,211 233,212 233,213 233,214 233,215 232,216 232,217 233,216
244,208 243,208 242,208 241,208 240,209 239,210 238,210 237,211 236,212 235,212 234,212 234,213 234,214 235,213
245,208 244,207 243,206 242,205 243,205 244,205 244,206 245,205 245,206 245,207 246,206 246,205 247,205 247,206 246,207 246,208 247,207 247,208 248,207 248,206 248,205 249,205 249,206 249,207 248,208 249,208 250,207 250,206 250,205 251,205 251,206 251,207 250,208 251,208 252,207 252,206 252,205 253,205 253,206 253,207 252,208 253,208 254,207 254,206 254,205 255,205 255,206 255,207 254,208 255,208 256,207 256,206 256,205 257,205 257,206 257,207 256,208 257,208 258,207 258,206 258,205 259,205 259,206 259,207 258,208 259,208 260,207 260,206 260,205 261,205 261,206 261,207 260,208 261,208 262,207 262,206 262,205 263,205 263,206 263,207 262,208 263,208 264,207 264,206 264,205 265,205 265,206 265,207 264,208 265,208 266,207 266,206 267,207 266,208 266,209 267,208 267,209 268,208 268,207 269,207 269,208 268,209 269,209 270,208 270,207 271,207 271,208 270,209 270,210 271,209 271,210 272,209 272,208 273,209 272,210 273,210 273,211 274,210 274,209 275,209 275,210 274,211 275,211 276,210 276,211 276,212 276,213 277,212 277,211 278,212 277,213 277,214 277,215 278,214 278,213 279,214 278,215 278,216 278,217 279,216 279,215 280,215 280,216 279,217 279,218 280,217 280,218 280,219 280,220 281,219 281,218 281,217 281,216
282,218 282,219 281,220 281,221 281,222 281,223 281,224 281,225 281,226 281,227 281,228 282,227 282,226 282,225 282,224 282,223 282,222 282,221 282,220
283,222 283,223 283,224 283,225 283,226 283,227 282,228 282,229 282,230 282,231 282,232 282,233 282,234 282,235 281,236 281,237 281,238 281,239 280,240 279,239 278,238 277,237 277,236 276,235 276,234 275,233 274,232 273,231 272,230 271,229 270,228 269,227 268,227 267,227 266,227 265,226 264,226 263,226 262,225 261,225 260,225 259,225 258,224 257,224 256,224 255,224 254,223 253,223 252,223 251,223 250,222 249,222 248,222 247,222 246,221 245,221 244,221 243,221 242,220 241,220 240,220 239,221 238,221 238,222 237,223 236,224 236,225 235,226 235,227 234,228 233,229 233,230 233,231 233,232 233,233 233,234 233,235 233,236 233,237 233,238 233,239 233,240 233,241 233,242 233,243 233,244 234,243 234,242 234,241 234,240 234,239 234,238 234,237 234,236 234,235 234,234 234,233 234,232 234,231 234,230 234,229 235,228 235,229
283,228 283,229 283,230 283,231 283,232 283,233 283,234 283,235 282,236 282,237 282,238 282,239 281,240 280,241 279,240 278,239 277,238 277,239 278,240 277,241 277,242 277,243 278,242 278,241 279,241 279,242 278,243 278,244 277,245 277,246 277,247 278,246 278,245 279,244 279,243 280,242 280,243 280,244 279,245 279,246 278,247 278,248 277,249 277,250 277,251 276,252 276,253 275,254 275,255 274,256 273,257 272,258 272,259 271,260 271,261 270,262 269,263 268,264 267,265 266,265 265,265 264,266 263,267 262,267 261,267 260,267 260,268 259,269 258,269 257,269 256,269 255,269 254,269 253,269 252,268 251,267 250,267 249,266 248,265 247,265 246,265 245,264 244,263 243,262 242,261 241,260 240,259 239,258 238,257 237,256 236,255 235,254 235,253 235,252 235,251 235,250 234,249 234,248 234,247 234,246 234,245 234,244 235,243 235,242
284,230 284,231 284,232 284,233 284,234 284,235 283,236 283,237 283,238 283,239 282,240 281,241 281,242 281,243 281,244 280,245 280,246 279,247 279,248 278,249 278,250 278,251 277,252 277,253 276,254 276,255 275,256 274,257 273,258 273,259 272,260 272,261 271,262 270,263 269,264 268,265 267,266 266,266 265,266 264,267 263,268 262,268 261,268 260,269 259,270 258,270 257,270 256,270 255,270 254,270 253,270 252,269 251,268 250,268 249,267 248,266 247,266 246,266 245,265 244,264 243,263 242,262 241,261 240,260 239,259 238,258 237,257 236,256 237,255 236,254 236,253 236,252 236,251 236,250 235,249 235,248 235,247 235,246 235,245 235,244
283,240 282,241 282,242 282,243 282,244 281,245 281,246 280,247 280,248 279,249 279,250 279,251 278,252 278,253 277,254 277,255 276,256 275,257 274,258 274,259 273,260 273,261 272,262 271,263 270,264 269,265 268,266 267,267 266,267 265,267 264,268 263,269 262,269 261,269
281,247 281,248 280,249 280,250 280,251 279,252 279,253 278,254 278,255 277,256 276,257 275,258 275,259 274,260 274,261 273,262 272,263 271,264 270,265 269,266 268,267 269,267 270,266 270,267 271,266 271,265 272,264 272,265 273,264 273,263 274,262 274,263 274,264 273,265 274,265
280,252 280,253 279,254 279,255 278,256 277,257 276,258 276,259 275,260 275,261 275,262 275,263
278,257 277,258 277,259 276,260 276,261
279,238 278,237 278,236 277,235 277,234 276,233 275,232 274,231 273,230 272,229 271,228 270,229 269,228 268,228 267,228 266,228 265,227 264,227 263,227 262,226 261,226 260,226 259,226 258,225 257,225 256,225 255,225 254,224 253,224 252,224 251,224 250,223 249,223 248,223 247,223 246,222 245,222 244,222 243,222 242,221 241,221 240,221 239,222 238,223 237,224 237,225 236,226 236,227 237,226 237,227
279,237 279,236 278,235 278,234 277,233 276,232 275,231 274,230 273,229 272,228
279,235 279,234 278,233 277,232 276,231 275,230 274,229
274,233 273,232 272,231 271,230 270,230 269,229 268,229 267,229 266,229 265,228 264,228 263,228 262,227 261,227 260,227 259,227 258,226 257,226 256,226 255,226 254,225 253,225 252,225 251,225 250,224 249,224 248,224 247,224 246,223 245,223 244,223 243,223 242,222 241,222 240,222 239,223 238,224 238,225
273,233 272,232 271,231 270,231 269,230 269,231 268,232 267,232 266,232 265,232 264,232 263,232 262,232 262,233 263,233 264,233 265,233 266,233 267,233 268,233 269,232 269,233 270,232 270,233 271,232 271,233 272,233
265,229 264,229 263,229 262,228 262,229
258,227 257,227 256,227 255,227 254,226 253,226 252,226 251,226 250,225 249,225 248,225 247,225 246,224 245,224 244,224 243,224 242,223 241,223 240,223
238,256 239,257 240,257 240,258 241,258 241,259
248,267 247,267 246,267 245,266 244,265 243,264 242,263 241,262 240,261 239,260 238,259 237,260 236,259 235,258 234,257 233,256 232,255 231,254 230,253 229,252 228,251 227,250 226,249 225,248 225,247 225,246 225,245 225,244 225,243 225,242 226,241 226,240 226,239 226,238 226,237 226,236 226,235 226,234
249,268 248,268 247,268 246,268 245,267 244,266 243,266 242,266 241,265 240,264 239,263 238,262 237,261 236,260 235,259 234,258 233,257 232,256 231,255 230,254 229,253 228,252 227,251 226,250 227,249 226,248 226,247 226,246 226,245 226,244 226,243 226,242
250,269 249,269 248,269 247,269 246,269 245,268 244,267 243,267 242,267 241,266 240,265 239,264 238,263 237,262 236,261 235,260 234,259 233,258 232,257 231,256 230,255 229,254 228,253 227,252
251,269 252,270 253,271 254,271 255,271 256,271 257,271 258,271 259,271
264,269 265,268 265,269 265,270 265,271 266,270 266,269 266,268
266,271 266,272 265,273 265,274 264,275 263,276 262,277 261,277 260,278 259,279 258,279 258,280 257,281 256,281 255,281 254,280 253,279 252,279 251,278 250,277 249,277 248,276 247,275 246,274 245,273 244,273 243,273 242,274 241,275 240,275 239,275 238,275 237,275 236,275 235,275 234,275 233,275 232,275 231,276 230,277 229,277 228,277 227,277 226,277 225,278 224,279 223,280 222,281 221,282 220,283 219,284 219,285 219,286 219,287 218,288 218,289 218,290 218,291 218,292 218,293 218,294 218,295 218,296 218,297 218,298 218,299 219,298 219,297 219,296 219,295 219,294 219,293 219,292 219,291 219,290 219,289 219,288 220,287 220,286 220,285 220,284 221,283 221,284 221,285 221,286 222,285 222,284 222,283 222,282 223,281 223,282 223,283 223,284 224,283 224,282 224,281 224,280 225,279 225,280 225,281 225,282 225,283 224,284
267,273 266,273 266,274 265,275 264,276 263,277 262,278 261,278 260,279 259,280 258,281 257,282 256,282 255,282 254,281 253,280 252,280 251,279 250,278 249,278 248,277 247,276 246,275 245,274 244,274 243,274 242,275 241,276 240,276 239,276 238,276 237,276 236,276 235,276 234,276 233,276 232,276 231,277 230,278 229,278 228,278 227,278 226,278 226,279 226,280 226,281 226,282 227,281 227,280 227,279 228,279 228,280 228,281 229,280 229,279 230,279 230,280 231,279 231,278 232,277 232,278 232,279 231,280
268,274 267,274 266,275 265,276 264,277 263,278 262,279 261,279 260,280 259,281 258,282 257,283 256,283 255,283 254,282 253,281 252,281 251,280 250,279 249,279 248,278 247,277 246,276 245,275 244,275 243,275 242,276 241,277 240,277 239,277 238,277 237,277 236,277 235,277 234,277 233,277 233,278 233,279 234,278 235,278 236,278
269,275 268,275 267,275 266,276 265,277 266,277 267,276 267,277 268,276 268,277 268,278 269,278 269,279 270,279 270,280 271,280 271,281 271,282 271,283 271,284 272,283 272,282 272,281 273,282 273,283 272,284 272,285 272,286 273,285 273,284
270,276 269,276 270,275 269,274 268,273 269,273 270,273 270,274 271,274 271,275 271,276 271,277 272,276 272,275 273,275 273,276 272,277 273,277 274,276 274,275 275,275 275,276 274,277 275,277 276,276 276,275 277,275 277,276 276,277 276,278 277,277 277,278 278,277 278,276 278,275 279,275 279,276 279,277 278,278 279,278 280,277 280,276 280,275 281,275 281,276 281,277 280,278 280,279 281,278 281,279 282,278 282,277 282,276 283,277 283,278 282,279 283,279 284,278 284,277 285,277 285,278 284,279 285,279 286,278 286,277 287,277 287,278 286,279 286,280 287,279 287,280 287,281 288,280 288,279 288,278 289,279 289,280 288,281 288,282 289,281 289,282 290,281 290,280 291,281 290,282 290,283 291,282 291,283 291,284 292,283 292,282 293,283 292,284 292,285 292,286 292,287 293,286 293,285 293,284 294,284 294,285 294,286 293,287 293,288 293,289 294,288 294,287 295,288 294,289 294,290 294,291 294,292 294,293 294,294 294,295 294,296 294,297 294,298 294,299 295,298 295,297 295,296 295,295 295,294 295,293 295,292 295,291 295,290 295,289
296,296 296,297 296,298 295,299 296,299
273,286 273,287 273,288 272,289 271,288 270,287 269,287 268,287 267,286 266,285 265,285 264,285 263,285 262,284 261,283 260,283 259,283 258,283 258,284 259,284 259,285 260,284 260,285 260,286 259,287 258,288 257,288 256,289 255,289 254,289 253,289 252,288 251,287 250,286 249,285 248,285 247,285 246,285 245,285 244,286 243,287 242,287 241,287 240,288 239,287 238,286 237,287 237,288 237,289 237,290 237,291 237,292 237,293 237,294 237,295 237,296 237,297 237,298 237,299 238,298 238,297 238,296 238,295 238,294 238,293 238,292 238,291 238,290 238,289 238,288 238,287 239,286 238,285 239,284 239,283 240,282 240,281 241,280 241,281 241,282 240,283 240,284 239,285 240,285
274,287 274,288 273,289 272,290 271,289 270,288 269,288 268,288 267,287 266,286 265,286 264,286 263,286 262,285 261,284 261,285 261,286 260,287 259,288 258,289 257,289 256,290 255,290 254,290 253,290 252,289 251,288 250,287 249,286 248,286 247,286 246,286 245,286 244,287 243,288 242,288 241,288 240,289 239,288 239,289 239,290 239,291 240,290 240,291
274,289 273,290 272,291 271,290 270,289 269,289 268,289 267,288 266,287 265,287 264,287 263,287 262,286 261,287 260,288 259,289 260,289
274,290 273,291 273,292 273,293 273,294 273,295 273,296 273,297 273,298 273,299 274,298 274,297 274,296 274,295 274,294 274,293 274,292 274,291
275,296 275,297 275,298 274,299 275,299
256,291 255,291 254,291 253,291 252,290 251,289 250,288 249,287 248,287 247,287 246,287 245,287 244,288 243,289 242,289 241,289
256,292 255,292 254,292 253,292 252,291 251,292 251,293 250,294 250,295 249,296 249,297 248,298 247,299 248,299 249,298 249,299 250,298 250,297 250,296 251,295 251,294 252,293 252,292 253,293 252,294
257,293 256,293 255,293 256,294 256,295 257,294 257,295 257,296 257,297 258,296 258,295 258,294
259,296 258,297 258,298 258,299 259,298 259,297 260,298 259,299 260,299 261,299
252,287 251,286 250,285 249,284 250,283 250,284 251,283 251,284 251,285 252,284 252,283 253,282 253,283 253,284 252,285 252,286 253,285 254,284 254,283
248,279 247,278 246,277 245,277 244,276 243,276
248,275 247,274 246,273 247,272 247,271 247,270 248,270 248,271 248,272 247,273 248,273 248,274
246,278 245,278 244,278 243,279 242,279 242,280 242,281 243,280 243,281
220,288 220,289 220,290 220,291 220,292 220,293 220,294 220,295
245,269 244,268 243,268 242,268 241,267 240,266 239,265 238,264 237,263 236,262 235,261 234,260 233,259 232,258 231,257 230,256
244,269 243,269 242,269 241,268 240,267 239,266 238,265 237,264 237,265 237,266 238,266 238,267 239,267 240,268 241,269
231,253 230,252 229,251 228,250 228,249 227,248 227,247 227,246 227,245 227,244
413,205 412,206 412,207 413,206 413,207 414,206 414,205 415,205 415,206 414,207 414,208 414,209 414,210 414,211 414,212 414,213 414,214 414,215 414,216 414,217 414,218 414,219 414,220 414,221 414,222 414,223 414,224 414,225 414,226 414,227 414,228 414,229 414,230 414,231 414,232 414,233 415,232 415,231 415,230 415,229 415,228 415,227 415,226 415,225 415,224 415,223 415,222 415,221 415,220 415,219 415,218 415,217 415,216 415,215 415,214 415,213 415,212 415,211 415,210 415,209 415,208 415,207 416,207 416,208 416,209 416,210 416,211 417,210 417,209 418,209 418,210 417,211 418,211 419,210 419,209
419,211 419,212 419,213 420,212 420,211 421,211 421,212 420,213 421,213 421,214 421,215 422,214 422,213 423,213 423,214 422,215 423,215 424,214 424,213
424,216 424,215 425,215 425,216 424,217 425,217 426,216 426,215 427,215 427,216 426,217 427,217 427,218 427,219 428,218 428,217 429,217 429,218 428,219 429,219 429,220 429,221 430,220 430,219 431,220 430,221 430,222 430,223 430,224 430,225 430,226 430,227 430,228 430,229 430,230 430,231 430,232 430,233 430,234 430,235 430,236 430,237 430,238 430,239 430,240 429,241 428,241 427,241 426,240 425,239 424,238 423,237 422,237 421,236 420,235 419,235 418,234 417,233 416,232 415,233 416,233 416,234 416,235 417,234 417,235 418,235 418,236 418,237 419,236 419,237 420,236 420,237 421,237 421,238 421,239 422,238 422,239 423,238 423,239 424,239 424,240 425,240 425,241 426,241 426,242 426,243 427,242 427,243 428,242 428,243 429,242 429,243 429,244 429,245 430,244 430,243 430,242 430,241 431,240 431,239 431,238 431,237 431,236 431,235 431,234 431,233 431,232 431,231 431,230 431,229 431,228 431,227 431,226 431,225 431,224 431,223 431,222 431,221
431,241 431,242 431,243 431,244 430,245 431,245
65,215 64,216 63,217 62,217 61,217 60,218 59,219 58,219 57,219 56,220 55,221 54,221 53,221 52,222 51,223 50,223 49,223 48,223 47,224 46,225 45,226 44,227 43,227 42,227 41,228 40,229 39,229 38,229 37,230 36,231 35,231 34,231 33,232 32,233 31,233 30,233 29,234 28,235 27,235 26,235 25,236 24,237 23,238 23,239 24,238 24,239 25,238 25,237 26,236 26,237 26,238 25,239 25,240 25,241 25,242 25,243 25,244 25,245 25,246 25,247 25,248 25,249 25,250 25,251 25,252 25,253 25,254 25,255 25,256 25,257 25,258 25,259 25,260 25,261 25,262 25,263 25,264 25,265 25,266 25,267 26,266 26,265 26,264 26,263 26,262 26,261 26,260 26,259 26,258 26,257 26,256 26,255 26,254 26,253 26,252 26,251 26,250 26,249 26,248 26,247 26,246 26,245 26,244 26,243 26,242 26,241 26,240 26,239
66,216 65,216 64,217 63,218 62,218 61,218 60,219 59,220 58,220 57,220 56,221 55,222 54,222 53,222 52,223 51,224 50,224 49,224 48,224 47,225 46,226 45,227 44,228 43,228 42,228 41,229 40,230 39,230 38,230 37,231 36,232 35,232 34,232 33,233 32,234 31,234 30,234 29,235 28,236 27,236 27,237 28,237 29,236 29,237
66,217 65,217 64,218 63,219 62,219 61,219 60,220 59,221 58,221 57,221 56,222 55,223 54,223 53,223 52,224 51,225 50,225 49,225 48,225 47,226 46,227 45,228 44,229 43,229 42,229 41,230 40,231 39,231 38,231 37,232 36,233 35,233 34,233 33,234 32,235 31,235 30,235
66,218 65,218 64,219 65,219 65,220 65,221 65,222 65,223 65,224 65,225 65,226 65,227 65,228 65,229 65,230 65,231 65,232 65,233 65,234 65,235 65,236 65,237 65,238 65,239 65,240 65,241 64,242 63,243 62,243 61,244 60,245 59,245 58,245 57,246 56,247 55,247 54,248 53,249 52,249 51,250 50,251 49,251 48,250 47,249 46,248 45,247 45,246 45,245 45,244 45,243 45,242 45,241 45,240 45,239 45,238 45,237 45,236 45,235 45,234 45,233 45,232 45,231 45,230 45,229 46,228 46,229 46,230 46,231 46,232 46,233 46,234 46,235 46,236 46,237 46,238 46,239 46,240 46,241 46,242 46,243 46,244 46,245 46,246 46,247 45,248 45,249 45,250 45,251 45,252 45,253 44,254 43,255 42,255 41,256 40,257 39,257 38,257 37,258 36,259 35,259 34,260 33,261 32,261 31,262 30,263 29,263 28,263 27,264 27,265 27,266 26,267 27,267
66,219 66,220 66,221 66,222 66,223 66,224 66,225 66,226 66,227 66,228 66,229 66,230 66,231 66,232 66,233 66,234 66,235 66,236 66,237 66,238 66,239 66,240 66,241 65,242 64,243 63,244 62,244 61,245 60,246 59,246 58,246 57,247 56,248 55,248 54,249 53,250 52,250 51,251 50,252 49,252 48,251 47,250 46,249 46,250 46,251 46,252 46,253 45,254 44,255 43,256 42,256 41,257 40,258 39,258 38,258 37,259 36,260 35,260 34,261 33,262 32,262 31,263 30,264 29,264 28,264 28,265 29,265 30,265 31,264 31,265
66,242 65,243 64,244 63,245 62,245 61,246 60,247 59,247 58,247 57,248 56,249 55,249 54,250 53,251 52,251 51,252 50,253 49,253 48,252 47,251 47,252 47,253 46,254 45,255 44,256 43,257 42,257 41,258 40,259 39,259 38,259 37,260 36,261 35,261 34,262 33,263 32,263
48,226 47,227 47,228 47,229 47,230 47,231 47,232 47,233 47,234 47,235 47,236 47,237 47,238 47,239 47,240 47,241 47,242 47,243 47,244 47,245 47,246 47,247 47,248 48,247 48,246 48,245 48,244 48,243 48,242 48,241 48,240 48,239 48,238 48,237 48,236 48,235 48,234 48,233 48,232 48,231 48,230 48,229 48,228 48,227
443,229 442,230 442,231 443,230 443,231 444,230 444,229 445,229 445,230 444,231 444,232 444,233 444,234 444,235 444,236 444,237 444,238 444,239 444,240 444,241 444,242 444,243 444,244 444,245 444,246 444,247 444,248 444,249 444,250 444,251 444,252 444,253 444,254 445,253 445,252 445,251 445,250 445,249 445,248 445,247 445,246 445,245 445,244 445,243 445,242 445,241 445,240 445,239 445,238 445,237 445,236 445,235 445,234 445,233 445,232 445,231 446,231 446,232 446,233 447,232 447,233 447,234 448,233 448,234 448,235 449,234 449,235 449,236 450,235 450,236 450,237 451,236 451,235 452,236 451,237 452,237 452,238 452,239 453,238 453,237 454,237 454,238 453,239 454,239 455,238 455,237
455,240 455,239 456,239 456,240 456,241 457,240 457,239 458,239 458,240 457,241 458,241 458,242 458,243 459,242 459,241 460,242 459,243 460,243 461,243 461,244 461,245 462,244 462,243 463,243 463,244 462,245 463,245 463,246 463,247 464,246 464,245 465,245 465,246 464,247 464,248 464,249 464,250 464,251 464,252 464,253 464,254 464,255 464,256 464,257 464,258 464,259 464,260 464,261 464,262 464,263 464,264 464,265 464,266 464,267 464,268 464,269 464,270 463,271 462,272 461,271 460,270 459,269 458,268 457,267 456,266 455,265 454,264 453,263 452,262 451,261 450,260 449,259 448,258 447,257 446,256 445,255 445,254 446,255 445,256 446,257 447,256
465,249 465,250 465,251 465,252 465,253 465,254 465,255 465,256 465,257 465,258 465,259 465,260 465,261 465,262 465,263 465,264 465,265 465,266 465,267 465,268 465,269 465,270 464,271 463,272 462,273 463,273 463,274 463,275 464,274 464,273 464,272 465,271 465,272 465,273 465,274 464,275 465,275
461,270 460,269 459,268 458,267 457,266 456,265 455,264 454,263 453,262 452,261 451,260 450,259 449,258 448,259 447,258
460,271 459,270 458,269 457,268 456,267 455,266 454,265 453,264 452,263 451,262 450,261 449,260
238,231 238,232 238,233 239,232 239,231 240,231 240,232 239,233 240,233 241,232 241,231 242,231 242,232 241,233 242,233 243,232 243,231 244,231 244,232 243,233 244,233 245,232 245,231 246,231 246,232 245,233 246,233 247,232 247,231 248,231 248,232 247,233 248,233 249,232 249,231 250,232 249,233 250,233
242,235 242,236 241,237 241,238 241,239 242,238 242,237 243,236 243,235 244,235 244,236 243,237 243,238 242,239 243,239 244,238 244,237 245,236 245,235 246,236 245,237 245,238 244,239 245,239 246,238 246,237
266,235 266,236 265,237 265,238 265,239 266,238 266,237 267,236 267,235 268,235 268,236 267,237 267,238 266,239 267,239 268,238 268,237 269,236 269,235 270,236 269,237 269,238 268,239 269,239 270,238 270,237
248,253 247,254 247,255 248,254 248,255 248,256 248,257 249,256 249,255 249,254 250,255 250,256 249,257 250,257 251,256 251,255 252,255 252,256 251,257 252,257 253,256 253,255 254,255 254,256 253,257 254,257 255,256 255,255 256,255 256,256 255,257 256,257 257,256 257,255 258,255 258,256 257,257 258,257 259,256 259,255 260,255 260,256 259,257 260,257 261,256 261,255 262,255 262,256 261,257 262,257 263,256 263,255 263,254 264,253 264,254 264,255

P 237,29 5
P 9,99 1 5
P 250,105 1 5
P 456,104 1 5
P 3,139 0 4
P 490,124 0 4
P 15,126 1
P 168,89 6
P 183,109 6
P 181,175 0
P 167,123 2 6
P 152,111 4 7
P 152,111 4 7
P 99,100 4 7
P 145,135 0 1
P 154,132 0 1
P 82,136 2 3
P 125,147 2 9
P 124,179 1 0
P 134,172 1 0
P 91,165 0
P 129,214 0

P 125,261 2 0
P 358,257 2 0
P 100,247 2 0
P 20,197 4 7
P 81,223 4 7
P 37,242 0
P 60,235 0

P 346,39 2

P 356,100 2 6
P 343,111 2 7
P 342,149 2 7
P 338,128 1 5
P 347,135 1 5
P 364,109 0

P 397,123 4 7
P 370,141 4 7
P 364,164 1 5
P 375,171 1 5
P 398,139 0

P 403,156 2
P 436,156 2
P 396,191 2 6
P 396,236 0

P 471,191 0 5
P 437,218 0 5
P 422,224 0
P 453,249 0
P 495,252 0

P 263,214 0
P 252,242 2 7
P 256,274 2 7
P 229,290 0 7
P 284,289 0 7
P 257,286 0 1
P 254,297 0 1
